OID_;OBJECTID;IDESTACION;FECHAACTUA;MODO;CODIGOESTA;DENOMINACI;SITUACION;CODIGOCTME;CODIGOEMPR;DENOMINA_1;MODOINTERC;CODIGOINTE;TIPO;CODIGOPROV;CODIGOMUNI;CODIGOENTI;CODIGONUCL;CODIGOVIA;TIPOVIA;PARTICULA;NOMBREVIA;TIPONUMERO;NUMEROPORT;CALIFICADO;CARRETERA;CODIGOPOST;DISTRITO;SECCIONCEN;BARRIO;TESELA;SECTORURBA;SECTOR;CORREDOR;CORONATARI;CORONA123;ZONATRANSP;ENCUESTADO;ENCUESTAAF;HOJA25000;ACONDICION;ACONDICI_1;FECHAALTA;FECHAINICI;FECHAFIN;X;Y;GRADOACCES;SITUACIONC;DENOMINA_2;INTERURBAN;INTERURB_1;LINEAS;POINT_Y;POINT_X
0;1;4_153;20240628;4;153;ARROYOFRESNO;I;153;722; ;0;;U;28;79;7901;;C0622;Calle;de;Federica Montseny;N;2; ; ;28035;8;1;81; ; ;;7;A;2;079-08-158;158; ; ;2;3;19990430;19990330; ;438581;4482705;T; ; ; ; ;7;40,49089827;-3,7260354
1;2;4_183;20240628;4;183;RIVAS URBANIZACIONES;S;183;924; ;92;318;U;28;123;12318;1231801;99999;Plaza;de;Galicia;N;5; ; ;28529;1;1;;T1231;1231801001;;3;B1;3;123-002;914; ; ;2;3;19990702;19990401; ;453645;4468818;T; ; ; ; ;9;40,3667715;-3,54727581
2;3;4_38;20240628;4;38;NOVICIADO;I;50;211; ;93;280;U;28;79;7901;790101;05386;Calle;de;San Bernardo;N;49; ; ;28015;1;1;11;T0798585;0790101A01;;5;A;1;079-01-007;7; ; ;2;3;19990405;19930701; ;440100;4475360;N; ; ; ; ;2, 3, 10;40,42484223;-3,70741904
3;4;4_199;20240628;4;199;LAGO;S;199;1013; ;93;254;U;28;79;7901;790101;40520;Ronda;del;Lago;N;3; ; ;28011;9;1;91;T0798278;0790101A01;;6;A;2;079-09-224;224; ; ;2;3;19990405;19930701; ;437699;4474444;T; ; ; ; ;10;40,41641411;-3,73563106
4;5;4_200;20240628;4;200;BATAN;S;200;1014; ;93;158;U;28;79;7901;790101;99999;Paseo;de la;Venta;N;1; ; ;28011;9;1;91;T0798323;0790101A01;;6;A;2;079-09-224;224; ; ;2;3;19990405;19930701; ;436208;4473507;T; ; ; ; ;10;40,40786021;-3,75310994
5;6;4_12;20240628;4;12;SOL;I;12;112; ;90;58;U;28;79;7901;790101;04980;Plaza;de la;Puerta del Sol;N;6; ; ;28013;1;119;16;T0799024;0790101560;1;5;A;1;079-01-014;14; ;solape;2;3;19990405;19930701; ;440446;4474473;T; ; ; ; ;1, 2, 3;40,41687606;-3,70326165
6;7;4_35;20240628;4;35;SOL;I;12;208; ;90;58;U;28;79;7901;790101;04980;Plaza;de la;Puerta del Sol;N;6; ; ;28013;1;119;16;T0799116;0790101560;1;5;A;1;079-01-014;14; ;solape;2;3;19990405;19930701; ;440446;4474470;T; ; ; ; ;1, 2, 3;40,41684746;-3,70326135
7;8;4_48;20240628;4;48;SOL;I;12;306; ;90;58;U;28;79;7901;790101;04980;Plaza;de la;Puerta del Sol;N;6; ; ;28013;1;119;16;T0799116;0790101560;1;5;A;1;079-01-014;14; ;solape;2;3;19990405;19930701; ;440446;4474466;T; ; ; ; ;1, 2, 3;40,41681647;-3,70326103
8;9;4_120;20240628;4;120;NUEVOS MINISTERIOS;I;120;618; ;90;71;U;28;79;7901;790101;05080;Calle;de;Raimundo Fernández Villaverde;N;67; ; ;28046;6;29;62;T0795339;0790101267;1;6;A;1;079-06-120;120; ;559-1;2;3;19990405;19930701; ;441392;4477767;T; ; ; ; ;6, 8, 10;40,44662122;-3,69240646
9;10;4_175;20240628;4;175;ESTRELLA;I;175;915; ;93;212;U;28;79;7901;790101;99999;Calle;del;Camino de los Vinateros;N;1; ; ;28030;14;1;141;T07911594;0790101A01;;3;A;2;079-14-379;379; ; ;2;3;19990405;19930701; ;443960;4473846;N; ; ; ; ;9;40,41147222;-3,66178527
10;11;4_193;20240628;4;193;NUEVOS MINISTERIOS;I;120;1007; ;90;71;U;28;79;7901;790101;05080;Calle;de;Raimundo Fernández Villaverde;N;67; ; ;28046;6;29;62;T0795339;0790101267;1;6;A;1;079-06-120;120; ;559-1;2;3;19990405;19980101; ;441392;4477763;T; ; ; ; ;6, 8, 10;40,44658547;-3,69240609
11;12;4_62;20240628;4;62;LISTA;I;62;409; ;93;259;U;28;79;7901;790101;01457;Calle;del;Conde de Peñalver;N;45; ; ;28006;4;1;41;T0798598;0790101A01;;1;A;1;079-04-072;72; ; ;2;3;19990405;19930701; ;442819;4475819;N; ; ; ; ;4;40,42916852;-3,67540982
12;13;4_185;20240628;4;185;LA POVEDA;S;185;927; ;93;251;U;28;14;1401;140101;99999;Parcela; ;9017 Polígono 1;SN;S/N; ; ;28500;1;1;;T014107;0140101001;;3;B3;3;014-001;886; ; ;2;3;19990702;19990407; ;459545;4463483;T; ; ; ; ;9;40,31901573;-3,47744735
13;14;4_101;20240628;4;101;EMPALME;S;101;528; ;93;205;U;28;79;7901;790101;08605;Calle;de;Tembleque;N;105; ; ;28024;10;1;101;T07911674;0790101A01;;5;A;2;079-10-254;254; ; ;2;3;20021120;20020901; ;435153;4471597;T; ; ; ; ;5;40,39057256;-3,76534788
14;15;4_265;20240628;4;265;MANOTERAS;I;265;422; ;93;264;U;28;79;7901;790101;00688;Calle;de;Bacares;N;24; ; ;28033;16;85;165;T0791763;0790101159;;1;A;2;079-16-442;442; ;559-2;2;3;20070410;20070101; ;443920;4481106;T; ; ; ; ;4;40,47687423;-3,66289548
15;16;4_269;20240628;4;269;SAN FERMIN-ORCASUR;I;269;353; ;93;331;U;28;79;7901;790101;00345;Avda;de;Andalucía;N;9; ; ;28041;12;100;123;T07914879;0790101826;;4;A;2;079-12-336;336; ;559-3;2;3;20070420;20070101; ;441175;4469263;T; ; ; ; ;3;40,36999093;-3,69417641
16;17;4_27;20240628;4;27;CONGOSTO;I;27;127; ;93;176;U;28;79;7901;790101;01480;Calle;del;Congosto;N;48; ; ;28031;18;21;181;T07914629;0790101783;;3;A;2;079-18-502;502; ;559-4;2;3;19990429;19930701; ;447573;4469481;T; ; ; ; ;1;40,37238237;-3,61884135
17;18;4_270;20240628;4;270;CIUDAD DE LOS ANGELES;I;270;354; ;93;172;U;28;79;7901;790101;00345;Avda;de;Andalucía;N;38; ; ;28041;17;86;175;T07915466;0790101837;;4;A;2;079-17-467;467; ;559-3;2;3;20070420;20070101; ;441213;4468107;T; ; ; ; ;3;40,35958543;-3,69362644
18;19;4_272;20240628;4;272;SAN CRISTOBAL;I;272;356; ;93;328;U;28;79;7901;790101;00345;Avda;de;Andalucía;N;81; ; ;28021;17;106;171;T07916091;0790101857;;4;A;2;079-17-484;484; ;559-3;2;3;20070420;20070101; ;441236;4466104;T; ; ; ; ;3;40,34154194;-3,6931803
19;20;4_209;20240628;4;209;PUERTA DEL SUR;I;205;1201; ;92;307;U;28;7;701;;02418;Avda;de;Leganés;N;52; ; ;28924;2;1;; ; ;;5;B1;3;007-011;654; ; ;2;3;20030120;20030101; ;431106;4466622;T; ; ; ; ;10, 12;40,34543087;-3,81248918
20;21;4_288;20240628;4;288;COSLADA CENTRAL;I;288;755; ;92;87;U;28;49;4901;490101;A0080;Calle;del;Doctor Fleming;N;41; ; ;28821;1;13;;T049291;0490101010;8;2;B1;3;049-005;898; ;559-2;2;3;20070507;20070101; ;452504;4475148;T; ; ; ; ;7;40,42373621;-3,56119235
21;22;4_135;20240628;4;135;GARCIA NOBLEJAS;I;135;704; ;93;65;U;28;79;7901;790101;03514;Calle;de;Luis del Campo;N;1; ; ;28017;15;73;152;T0797944;0790101449;;1;A;2;079-15-423;423; ;559-2;2;3;19990405;19930701; ;446390;4475710;N; ; ; ; ;7;40,42842319;-3,63329947
22;23;4_138;20240628;4;138;BARRIO DE LA CONCEPCION;I;138;707; ;93;154;U;28;79;7901;790101;09814;Calle;de;Martínez Villergas;N;1; ; ;28027;15;136;155;T0796553;0790101407;;1;A;2;079-15-408;408; ;559-2;2;3;19990405;19930701; ;444813;4476906;T; ; ; ; ;7;40,4390994;-3,652004
23;24;4_14;20240628;4;14;ANTON MARTIN;I;14;114; ;93;138;U;28;79;7901;790101;00645;Calle;de;Atocha;N;50; ; ;28012;1;27;12;T0799542;0790101A10;;5;A;1;079-01-020;20; ;559-3;2;3;19990405;19930701; ;440772;4473980;N; ; ; ; ;1;40,41246357;-3,69937296
24;25;4_142;20240628;4;142;GREGORIO MARAÑON;I;142;711; ;92;223;U;28;79;7901;790101;02527;Calle;de;José Abascal;N;65; ; ;28003;7;94;75;T0796539;0790101286;;6;A;1;079-07-130;130; ;559-1;2;3;19990405;19930701; ;441463;4476838;T; ; ; ; ;7, 10;40,438251;-3,69148286
25;26;4_143;20240628;4;143;ALONSO CANO;I;143;712; ;93;131;U;28;79;7901;790101;02527;Calle;de;José Abascal;N;18; ; ;28010;7;90;74;T0796622;0790101293;;6;A;1;079-07-134;134; ;559-1;2;3;19990405;19930701; ;440805;4476857;T; ; ; ; ;7;40,43837538;-3,69924564
26;27;4_147;20240628;4;147;FRANCOS RODRIGUEZ;I;147;716; ;93;215;U;28;79;7901;790101;11041;Avda;de;Pablo Iglesias;N;87; ; ;28039;9;39;93;T0794428;0790101256;;6;A;1;079-09-217;217; ;559-1;2;3;19990430;19930701; ;439707;4478875;T; ; ; ; ;7;40,45648182;-3,71238667
27;28;4_149;20240628;4;149;ANTONIO MACHADO;I;149;718; ;93;139;U;28;79;7901;790101;08974;Calle;de;Valderrodrigo;N;55; ; ;28039;9;52;94;T0792691;0790101100;;6;A;2;079-09-208;208; ;559-1;2;3;19990430;19930701; ;439269;4480404;T; ; ; ; ;7;40,47021772;-3,71769486
28;29;4_186;20240628;4;186;ARGANDA DEL REY;S;186;928; ;93;141;U;28;14;1401;140101;A0135;Paseo;de la;Estación;N;37; ; ;28500;1;1;;T014354;0140101016;;3;B3;3;014-004;889; ;583-1;2;3;19990702;19990407; ;462079;4461766;T; ; ; ; ;9;40,30366928;-3,44751896
29;30;4_150;20240628;4;150;PEÑAGRANDE;I;150;719; ;93;296;U;28;79;7901;790101;06301;Cmno;de;Ganapanes;N;35; ; ;28029;8;72;84;T0791852;0790101081;;7;A;2;079-08-178;178; ;559-1;2;3;19990430;19930701; ;439433;4481036;T; ; ; ; ;7;40,47592352;-3,71582416
30;31;4_161;20240628;4;161;HERRERA ORIA;I;161;901; ;93;227;U;28;79;7901;790101;11022;Calle;de;Valencia de Don Juan;N;1; ; ;28034;8;35;85;T0791200;0790101070;;7;A;2;079-08-185;185; ;559-1;2;3;19990405;19930701; ;440145;4482000;N; ; ; ; ;9;40,48466278;-3,70751021
31;32;4_162;20240628;4;162;BARRIO DEL PILAR;I;162;902; ;93;156;U;28;79;7901;790101;09113;Calle;de;Ginzo de Limia;N;22; ; ;28029;8;90;85;T0791839;0790101095;;7;A;2;079-08-198;198; ;559-1;2;3;19990405;19930701; ;440507;4481134;N; ; ; ; ;9;40,47688907;-3,7031645
32;33;4_203;20240628;4;203;CUATRO VIENTOS;I;203;1019; ;92;84;U;28;79;7901;790101;04078;Col; ;Militar de Cuatro Vientos;N;6;B; ;28024;10;216;106;T07913886;0790101522;3;5;A;2;079-10-233;233; ;559-3;2;3;20030120;20030101; ;432919;4470188;T; ; ; ; ;10;40,37770689;-3,7915152
33;34;4_168;20240628;4;168;CONCHA ESPINA;I;168;908; ;93;175;U;28;79;7901;790101;02511;Calle;del;Príncipe de Vergara;N;210; ; ;28002;5;49;53;T0795041;0790101369;;1;A;1;079-05-097;97; ;559-2;2;3;19990405;19930701; ;442671;4478293;N; ; ; ; ;9;40,45144843;-3,67738012
34;35;4_163;20240628;4;163;VENTILLA;I;163;903; ;93;368;U;28;79;7901;790101;11612;Avda;de;Asturias;N;39; ; ;28029;6;73;64;T0792766;0790101123;;6;A;1;079-06-106;106; ;559-1;2;3;19990405;19930701; ;441118;4480302;N; ; ; ; ;9;40,46943538;-3,69588333
35;36;4_165;20240628;4;165;DUQUE DE PASTRANA;I;165;905; ;93;200;U;28;79;7901;790101;03953;Calle;de;Mateo Inurria;N;41; ; ;28036;5;100;56;T0792355;0790101198;;1;A;1;079-05-088;88; ;559-2;2;3;19990405;19930701; ;442533;4480090;N; ; ; ; ;9;40,46762585;-3,67917055
36;37;4_166;20240628;4;166;PIO XII;I;166;906; ;93;300;U;28;79;7901;790101;04833;Avda;de;Pío XII;N;27; ; ;28016;5;82;55;T0793556;0790101206;;1;A;1;079-05-090;90; ;559-2;2;3;19990405;19930701; ;442815;4479575;N; ; ; ; ;9;40,46300276;-3,67579015
37;38;4_52;20240628;4;52;ARGÜELLES;I;52;310; ;93;68;U;28;79;7901;790101;00120;Calle;de;Alberto Aguilera;N;72; ; ;28015;7;1;71;T0797329;0790101303;;6;A;1;079-07-136;136; ;559-1;2;3;19990405;19930701; ;439380;4476012;T; ; ; ; ;3, 4, 6;40,43066093;-3,71596265
38;39;4_157;20240628;4;157;MAR DE CRISTAL;I;71;804; ;92;79;U;28;79;7901;790101;99999;Gta;de;Mar de Cristal;N;1; ; ;28033;16;50;164;T0792832;0790101173;4;1;A;2;079-16-452;452; ;559-2;2;3;19990405;19980101; ;445997;4480260;T; ; ; ; ;4, 8;40,46938379;-3,63832022
39;40;4_54;20240628;4;54;ARGÜELLES;I;52;401; ;93;68;U;28;79;7901;790101;00120;Calle;de;Alberto Aguilera;N;72; ; ;28015;7;1;71;T0797329;0790101303;;5;A;1;079-07-136;136; ;559-1;2;3;19990405;19930701; ;439381;4476005;T; ; ; ; ;3, 4, 6;40,43059836;-3,71595687
40;41;4_296;20240628;4;296;HOSPITAL DEL HENARES;I;296;760; ;92;232;U;28;49;4901;490199;99999;Cmno;del;Tiro;N;SN; ; ;28822;2;16;21;T049357;0490199001;;3;B1;2;049-012;905; ;solape;2;3;20080215;20080101; ;454761;4474454;T; ; ; ; ;7;40,41761002;-3,53453497
41;42;4_126;20240628;4;126;ARGÜELLES;I;52;624; ;93;68;U;28;79;7901;790101;99999;Calle;de;Alberto Aguilera;N;72; ; ;28015;1;107;15;T0797504;0790101319;;5;A;1;079-01-001;1; ;559-1;2;3;19990405;19930701; ;439381;4475997;T; ; ; ; ;3, 4, 6;40,43053184;-3,71595617
42;43;4_49;20240628;4;49;CALLAO;I;49;307; ;91;62;U;28;79;7901;790101;00987;Plaza;del;Callao;N;3; ; ;28013;1;117;16;T0798880;0790101328;1;5;A;1;079-01-013;13; ;559-1;2;3;19990405;19930701; ;440245;4474836;T; ; ; ; ;3, 5;40,4201365;-3,70566124
43;44;4_88;20240628;4;88;CALLAO;I;49;515; ;91;62;U;28;79;7901;790101;00987;Plaza;del;Callao;N;3; ; ;28013;1;117;16;T0798880;0790101328;1;5;A;1;079-01-013;13; ;559-1;2;3;19990405;19930701; ;440245;4474831;T; ; ; ; ;3, 5;40,42008326;-3,70566478
44;45;4_39;20240628;4;39;SAN BERNARDO;I;39;212; ;93;325;U;28;79;7901;790101;05386;Calle;de;San Bernardo;N;94; ; ;28015;7;50;73;T0797575;0790101297;;6;A;1;079-07-138;138; ;559-1;2;3;19990405;19930701; ;440261;4475933;N; ; ; ; ;2, 4;40,43001276;-3,70556993
45;46;4_4;20240628;4;4;ESTRECHO;I;4;104; ;93;72;U;28;79;7901;790101;00886;Calle;de;Bravo Murillo;N;191; ; ;28020;6;119;66;T0794589;0790101259;;6;A;1;079-06-111;111; ;559-1;2;3;19990405;19930701; ;440499;4478625;N; ; ; ; ;1;40,45428803;-3,70302296
46;47;4_217;20240628;4;217;MANUELA MALASAÑA;I;217;1209; ;93;266;U;28;92;9201;920101;99999;Plaza; ;Sol de 9001;SN;SN; ; ;28938;4;1;;T092403;0920101001;;5;B2;3;092-030;808; ; ;2;3;20030120;20030101; ;426690;4462623;T; ; ; ; ;12;40,30903006;-3,8640212
47;48;4_89;20240628;4;89;OPERA;I;36;516; ;92;31;U;28;79;7901;790101;02909;Plaza;de;Isabel II;N;9; ; ;28013;1;4;11;T0799022;0790101330;;5;A;1;079-01-012;12; ;559-1;2;3;19990405;19930701; ;439930;4474612;T; ; ; ; ;2, 5, R;40,41809334;-3,7093496
48;49;4_237;20240628;4;237;OPERA;I;36;1; ;92;31;U;28;79;7901;790101;02909;Plaza;de;Isabel II;N;9; ; ;28013;1;4;11;T0799022;0790101330;1;5;A;1;079-01-012;12; ;559-1;2;3;19990405;19930701; ;439936;4474612;T; ; ; ; ;2, 5, R;40,41809377;-3,7092806
49;50;4_108;20240628;4;108;PLAZA ELIPTICA;I;108;605; ;90;36;U;28;79;7901;790101;02184;Plaza;de;Fernández Ladreda;N;2; ; ;28025;11;183;117;T07913162;0790101659;3;4;A;2;079-11-297;297; ;559-3;2;3;19990405;19930701; ;439135;4470901;T; ; ; ; ;6, 11;40,38460006;-3,71837056
50;51;4_159;20240628;4;159;AEROPUERTO T1-T2-T3;I;159;806; ;90;34;U;28;79;7901;790101;10444;Avda;de la;Hispanidad;N;SN; ; ;28042;21;15;212;T079841;0790101240;4;2;A;2;079-21-585;585; ;559-2;2;3;20020215;19980101; ;451828;4480138;T; ; ; ; ;8;40,46864424;-3,56953826
51;52;4_206;20240628;4;206;PLAZA ELIPTICA;I;108;1101; ;90;36;U;28;79;7901;790101;02184;Plaza;de;Fernández Ladreda;N;2; ; ;28025;11;183;117;T07913162;0790101659;3;4;A;2;079-11-297;297; ;559-3;2;3;19990405;19930701; ;439145;4470901;T; ; ; ; ;6, 11;40,38460079;-3,71825209
52;53;4_64;20240628;4;64;AVENIDA DE AMERICA;I;64;411; ;90;4;U;28;79;7901;790101;00312;Avda;de;América;N;9;A; ;28002;5;31;52;T0796594;0790101362;1;1;A;1;079-05-103;103; ;559-2;2;3;19990405;19930701; ;442722;4476803;N; ; ; ; ;4, 6, 7, 9;40,43803258;-3,67663956
53;54;4_118;20240628;4;118;AVENIDA DE AMERICA;I;64;616; ;90;4;U;28;79;7901;790101;00312;Avda;de;América;N;9;A; ;28002;5;31;52;T0796594;0790101362;1;1;A;1;079-05-103;103; ;559-2;2;3;19990405;19930701; ;442727;4476804;N; ; ; ; ;4, 6, 7, 9;40,43803529;-3,67658343
54;55;4_141;20240628;4;141;AVENIDA DE AMERICA;I;64;710; ;90;4;U;28;79;7901;790101;00312;Avda;de;América;N;9;A; ;28002;5;31;52;T0796594;0790101362;1;1;A;1;079-05-103;103; ;559-2;2;3;19990405;19930701; ;442732;4476804;N; ; ; ; ;4, 6, 7, 9;40,43803562;-3,67652728
55;56;4_170;20240628;4;170;AVENIDA DE AMERICA;I;64;910; ;90;4;U;28;79;7901;790101;00312;Avda;de;América;N;9;A; ;28002;5;31;52;T0796594;0790101362;1;1;A;1;079-05-103;103; ;559-2;2;3;19990405;19930701; ;442737;4476804;N; ; ; ; ;4, 6, 7, 9;40,43803833;-3,67647115
56;57;4_29;20240628;4;29;MANUEL BECERRA;I;29;202; ;91;41;U;28;79;7901;790101;05244;Plaza;de;Manuel Becerra;N;1; ; ;28028;4;34;42;T0797933;0790101387;1;1;A;1;079-04-076;76; ;559-2;2;3;19990405;19930701; ;443340;4475675;N; ; ; ; ;2, 6;40,42790417;-3,6692582
57;58;4_6;20240628;4;6;CUATRO CAMINOS;I;6;106; ;91;40;U;28;79;7901;790101;01600;Gta;de;Cuatro Caminos;N;2; ; ;28020;6;23;61;T0795640;0790101270;1;6;A;1;079-06-117;117; ;559-1;2;3;19990405;19930701; ;440412;4477814;T; ; ; ; ;1, 2, 6;40,44697395;-3,70397477
58;59;4_42;20240628;4;42;CUATRO CAMINOS;I;6;215; ;91;40;U;28;79;7901;790101;01600;Gta;de;Cuatro Caminos;N;10; ; ;28020;6;24;62;T0795641;0790101269;1;6;A;1;079-06-118;118; ;559-1;2;3;19990405;19930701; ;440416;4477814;T; ; ; ; ;1, 2, 6;40,44697428;-3,70392174
59;60;4_121;20240628;4;121;CUATRO CAMINOS;I;6;619; ;91;40;U;28;79;7901;790101;01600;Gta;de;Cuatro Caminos;N;9; ; ;28020;6;24;62;T0795641;0790101269;1;6;A;1;079-06-118;118; ;559-1;2;3;19990405;19930701; ;440421;4477814;T; ; ; ; ;1, 2, 6;40,4469746;-3,7038687
60;61;4_116;20240628;4;116;MANUEL BECERRA;I;29;614; ;91;41;U;28;79;7901;790101;05244;Plaza;de;Manuel Becerra;N;1; ; ;28028;4;34;42;T0797933;0790101387;1;1;A;1;079-04-076;76; ;559-2;2;3;19990405;19930701; ;443344;4475675;N; ; ; ; ;2, 6;40,42790448;-3,66920518
61;62;4_202;20240628;4;202;COLONIA JARDIN;I;202;1016; ;91;43;U;28;79;7901;790101;10799;Calle;de;Arenas de San Pedro;N;2; ; ;28024;10;152;105;T07911169;0790101515;3;5;A;2;079-10-249;249; ;559-3;2;3;19990405;20021022; ;434373;4472315;T; ; ; ; ;10;40,39697543;-3,77461626
62;63;4_264;20240628;4;264;HORTALEZA;S;264;421; ;93;228;U;28;79;7901;790101;01063;Calle;del;Capitán Cortés;BLQ;4; ; ;28033;16;71;164;T0791891;0790101166;;1;A;2;079-16-445;445; ;559-2;2;3;20070410;20070101; ;444794;4480933;T; ; ; ; ;4;40,47537172;-3,65257261
63;64;4_184;20240628;4;184;RIVAS VACIAMADRID;S;184;926; ;93;319;U;28;123;12307;1230701;01508;Calle; ;Areneros;N;6; ; ;28529;1;1;;T1231;1230701001;;3;B2;3;123-006;918; ; ;2;3;19990702;19990407; ;455885;4464542;T; ; ; ; ;9;40,32837092;-3,52059752
64;65;4_5;20240628;4;5;ALVARADO;I;5;105; ;93;136;U;28;79;7901;790101;00886;Calle;de;Bravo Murillo;N;138; ; ;28020;6;35;62;T0795172;0790101269;;6;A;1;079-06-118;118; ;559-1;2;3;19990405;19930701; ;440471;4478187;N; ; ; ; ;1;40,45033198;-3,70331421
65;66;4_50;20240628;4;50;PLAZA DE ESPAÑA;I;50;308; ;92;64;U;28;79;7901;790101;02024;Plaza;de;España;N;1; ; ;28008;9;14;92;T0798462;0790101317;;6;A;2;079-09-231;231; ;559-1;2;3;19990405;19930701; ;439778;4475204;T; ; ; ; ;2, 3, 10;40,42341603;-3,71119704
66;67;4_51;20240628;4;51;VENTURA RODRIGUEZ;I;51;309; ;93;369;U;28;79;7901;790101;04939;Calle;de la;Princesa;N;22; ; ;28008;1;108;15;T0798003;0790101319;;5;A;1;079-01-006;6; ;559-1;2;3;19990405;19930701; ;439594;4475613;T; ; ; ; ;3;40,42708737;-3,7134131
67;68;4_276;20240628;4;276;LAS TABLAS;I;276;1053; ;92;95;U;28;79;7901;790101;45764;Calle;de;Palas de Rey;N;30; ; ;28050;8;167;86;T079385;0790101986;2;7;A;1;079-08-152;152; ;534-4;2;3;20070424;20070101; ;443392;4484602;T; ; ; ; ;10;40,50833012;-3,66944258
68;69;4_274;20240628;4;274;TRES OLIVOS;S;274;1051; ;93;354;U;28;79;7901;790101;C1000;Acces; ;M-607;SN;SN; ; ;28034;8;153;86;T079582;0790101930;;7;A;2;079-08-148;148; ;solape;2;3;20070424;20070101; ;441203;4483828;T; ; ; ; ;10;40,50120463;-3,69520245
69;70;4_280;20240628;4;280;MARQUES DE LA VALDAVIA;I;280;1057; ;93;268;U;28;6;601;60101;A0199;Calle;del;Marqués de la Valdavia;BLQ;21; ; ;28100;1;18;;T006269;0060101005;;1;B1;3;006-009;594; ;534-4;2;3;20070424;20070101; ;446134;4488211;T; ; ; ; ;10;40,54102356;-3,63738494
70;71;4_282;20240628;4;282;BAUNATAL;I;282;1059; ;93;159;U;28;134;13405;1340501;00893;Avda;de las;Lomas del Rey;N;2; ; ;28701;1;34;;T1344663; ;6;1;B1;2;134-010;627; ;534-4;2;3;20070424;20070101; ;446336;4489697;T; ; ; ; ;10;40,55442304;-3,6351257
71;72;4_22;20240628;4;22;BUENOS AIRES;I;22;122; ;93;50;U;28;79;7901;790101;00130;Avda;de la;Albufera;N;179; ; ;28038;13;198;135;T07911982;0790101732;;3;A;2;079-13-345;345; ;559-4;2;3;19990405;19930701; ;444612;4471631;N; ; ; ; ;1;40,39156288;-3,65390612
72;73;4_19;20240628;4;19;PUENTE DE VALLECAS;I;19;119; ;92;51;U;28;79;7901;790101;00130;Avda;de la;Albufera;N;1; ; ;28053;13;42;132;T07911322;0790101001;3;3;A;2;079-13-351;351; ;559-4;2;3;19990405;19930701; ;443332;4472377;N; ; ; ; ;1;40,39819215;-3,669059
73;74;4_178;20240628;4;178;PAVONES;I;178;918; ;91;52;U;28;79;7901;790101;04590;Calle;de la;Hacienda de Pavones;N;342; ; ;28030;14;3;141;T07911071;0790101696;4;3;A;2;079-14-394;394; ;559-4;2;3;19990405;19930701; ;446214;4472613;T; ; ; ; ;9;40,40051155;-3,63512256
74;75;4_273;20240628;4;273;VILLAVERDE ALTO;I;273;357; ;91;82;U;28;79;7901;790101;45300;Calle;del;Valle de Tobalina;N;56; ; ;28021;17;106;171;T07916147;0790101855;3;4;A;2;079-17-484;484; ;559-3;2;3;20070420;20070101; ;439638;4466082;T; ; ; ; ;3;40,34122866;-3,71199027
75;76;4_15;20240628;4;15;ESTACION DEL ARTE;I;15;115; ;92;29;U;28;79;7901;790101;01949;Plaza;del;Emperador Carlos V;N;11; ; ;28012;1;58;12;T0799927;0790101564;1;4;A;1;079-01-023;23; ;559-3;2;3;19990405;19930701; ;441353;4473575;N; ; ; ; ;1;40,4088516;-3,69248727
76;77;4_16;20240628;4;16;ATOCHA;I;16;116; ;90;54;U;28;79;7901;790101;01357;Avda;de la;Ciudad de Barcelona;N;2;B; ;28007;2;83;27;T07910055;0790101717;1;4;A;1;079-02-033;33; ;559-3;2;3;19990405;19930701; ;441615;4473322;T; ; ; ; ;1;40,40658682;-3,68937811
77;78;4_36;20240628;4;36;OPERA;I;36;209; ;92;31;U;28;79;7901;790101;02909;Plaza;de;Isabel II;N;9; ; ;28013;1;4;11;T0799022;0790101330;1;5;A;1;079-01-012;12; ;559-1;2;3;19990405;19930701; ;439924;4474612;T; ; ; ; ;2, 5, R;40,41809292;-3,70941861
78;79;4_57;20240628;4;57;ALONSO MARTINEZ;I;57;404; ;92;133;U;28;79;7901;790101;00250;Plaza;de;Alonso Martínez;N;4; ; ;28004;7;72;73;T0797936;0790101296;;5;A;1;079-07-139;139; ;559-1;2;3;19990405;19930701; ;441076;4475672;N; ; ; ; ;4, 5, 10;40,42772011;-3,6959387
79;80;4_3;20240628;4;3;TETUAN;I;3;103; ;93;348;U;28;79;7901;790101;00886;Calle;de;Bravo Murillo;N;264; ; ;28020;6;58;63;T0793966;0790101261;;6;A;1;079-06-112;112; ;559-1;2;3;19990405;19930701; ;440909;4479318;N; ; ; ; ;1;40,46055188;-3,69824989
80;81;4_293;20240628;4;293;LA GAVIA;I;293;128; ;93;246;U;28;79;7901;790101;C0380;Avda;del;Ensanche de Vallecas;N;16; ; ;28031;18;47;181;T07914868;0790101A16;;3;A;2;079-18-512;512; ;559-4;2;3;20070511;20070101; ;448028;4469234;T; ; ; ; ;1;40,37019166;-3,61346348
81;82;4_58;20240628;4;58;COLON;I;58;405; ;92;67;U;28;79;7901;790101;01396;Plaza;de;Colón;N;2; ; ;28046;7;75;74;T0798170;0790101295;1;5;A;1;079-07-140;140; ;559-1;2;3;19990405;19930701; ;441493;4475413;N; ; ; ; ;4;40,42541918;-3,69100739
82;83;4_34;20240628;4;34;SEVILLA;I;34;207; ;92;345;U;28;79;7901;790101;00132;Calle;de;Alcalá;N;23; ; ;28014;1;72;13;T0798991;0790101331;;5;A;1;079-01-015;15; ;559-1;2;3;19990405;19930701; ;440787;4474601;T; ; ; ; ;2;40,41805075;-3,69925114
83;84;4_30;20240628;4;30;GOYA;I;30;203; ;91;61;U;28;79;7901;790101;00132;Calle;de;Alcalá;N;96; ; ;28009;4;19;42;T0798443;0790101467;1;1;A;1;079-04-075;75; ;559-2;2;3;19990405;19930701; ;442773;4475306;T; ; ; ; ;2, 4;40,42454839;-3,67591018
84;85;4_31;20240628;4;31;PRINCIPE DE VERGARA;I;31;204; ;93;301;U;28;79;7901;790101;00132;Calle;de;Alcalá;N;123; ; ;28009;4;15;42;T0798579;0790101468;;1;A;1;079-04-075;75; ;559-2;2;3;19990405;19930701; ;442414;4475131;T; ; ; ; ;2, 9;40,42294486;-3,68012268
85;86;4_32;20240628;4;32;RETIRO;I;32;205; ;93;314;U;28;79;7901;790101;00132;Calle;de;Alcalá;N;81; ; ;28009;3;68;35;T0798814;0790101471;;3;A;1;079-03-047;47; ;solape;2;3;19990405;19930701; ;441892;4474842;N; ; ; ; ;2;40,42030672;-3,68624472
86;87;4_33;20240628;4;33;BANCO DE ESPAÑA;I;33;206; ;92;60;U;28;79;7901;790101;00132;Calle;de;Alcalá;N;49; ; ;28014;1;73;14;T0798937;0790101327;1;5;A;1;079-01-010;10; ;559-1;2;3;19990405;19930701; ;441152;4474728;N; ; ; ; ;2;40,41921979;-3,69496511
87;88;4_37;20240628;4;37;SANTO DOMINGO;I;37;210; ;91;62;U;28;79;7901;790101;05386;Calle;de;San Bernardo;N;11; ; ;28013;1;3;11;T0798775;0790101328;1;5;A;1;079-01-012;12; ;559-1;2;3;19990405;19930701; ;440051;4474969;N; ; ; ; ;2;40,42131541;-3,70795528
88;89;4_133;20240628;4;133;SAN BLAS;I;133;702; ;93;326;U;28;79;7901;790101;07062;Calle;de;Pobladura del Valle;N;27; ; ;28037;20;31;203;T0797794;0790101490;;2;A;2;079-20-564;564; ;559-2;2;3;19990405;19930701; ;447903;4475651;N; ; ; ; ;7;40,42799191;-3,61546908
89;90;4_134;20240628;4;134;SIMANCAS;I;134;703; ;93;346;U;28;79;7901;790101;01224;Calle;del;Castillo de Madrigal de las Altas Torres;N;15; ; ;28037;20;17;201;T0797983;0790101482;;2;A;2;079-20-561;561; ;559-2;2;3;19990405;19930701; ;447033;4475657;N; ; ; ; ;7;40,42799237;-3,62572167
90;91;4_263;20240628;4;263;PINAR DE CHAMARTIN;I;263;153; ;92;96;U;28;79;7901;790101;00582;Calle;de;Arturo Soria;N;330; ; ;28033;15;164;159;T0791592;0790101155;4;1;A;2;079-15-397;397; ;559-2;2;3;20070409;20070101; ;443592;4481471;T; ; ; ; ;1, 4;40,48013998;-3,66680448
91;92;4_266;20240628;4;266;PINAR DE CHAMARTIN;I;263;423; ;92;96;U;28;79;7901;790101;00582;Calle;de;Arturo Soria;N;330; ; ;28033;15;164;159;T0791592;0790101155;4;1;A;2;079-15-397;397; ;559-2;2;3;20070410;20070101; ;443595;4481471;T; ; ; ; ;1, 4;40,48013849;-3,66676107
92;93;4_286;20240628;4;286;ESTADIO METROPOLITANO;I;286;751; ;93;210;U;28;79;7901;790199;10964;Avda;de;Arcentales;N;28; ; ;28022;20;67;205;T0795745;0790199999;;2;A;2;079-20-555;555; ;559-2;2;3;20070507;20070101; ;449206;4476242;T; ; ; ; ;7;40,43339349;-3,60015365
93;94;4_285;20240628;4;285;AEROPUERTO T-4;I;285;808; ;90;33;U;28;79;7901;790101;20169;Ctra;de;Alcobendas a Barajas;SN;SN; ; ;28042;21;15;212;T079339;0790101240;4;2;A;2;079-21-585;585; ;559-2;2;3;20070503;20070101; ;449835;4482717;T; ; ; ; ;8;40,49176677;-3,5932456
94;95;4_300;20240628;4;300;RIVAS FUTURA;I;300;925; ;93;317;U;28;123;12307;1230701;C0024;Calle; ;Concepción Arenal;N;1; ; ;28529;1;1;;T123416;1230701010;;3;B2;3;123-004;916; ;559-4;2;3;20080717;20080709; ;455537;4465984;T; ; ; ; ;9;40,34134215;-3,52478901
95;96;4_252;20240628;4;252;ALAMEDA DE OSUNA;I;252;552; ;93;121;U;28;79;7901;790101;09118;Calle;de la;Corbeta;N;14; ; ;28042;21;4;211;T0794256;0790101237;;2;A;2;079-21-581;581; ;559-2;2;3;20061123;20061101; ;450295;4478943;T; ; ; ; ;5;40,45778863;-3,58752093
96;97;4_268;20240628;4;268;HOSPITAL 12 DE OCTUBRE;I;268;352; ;92;229;U;28;79;7901;790101;01496;Avda;de;Córdoba;N;49; ; ;28041;12;19;122;T07914198;0790101672;;4;A;2;079-12-326;326; ;559-3;2;3;20070420;20070101; ;441038;4469823;T; ; ; ; ;3;40,37503136;-3,69585469
97;98;4_267;20240628;4;267;ALMENDRALES;I;267;351; ;93;130;U;28;79;7901;790101;01496;Avda;de;Córdoba;N;21; ; ;28026;12;107;124;T07913244;0790101A01;;4;A;1;079-12-325;325; ;559-3;2;3;20070420;20070101; ;440873;4470831;T; ; ; ; ;3;40,38409353;-3,6978814
98;99;4_123;20240628;4;123;VICENTE ALEIXANDRE;I;123;621; ;93;273;U;28;79;7901;790101;11026;Avda;de;Gregorio del Amo;N;4; ; ;28040;9;33;93;T0795691;0790101253;;6;A;2;079-09-221;221; ;559-1;2;3;19990405;19930701; ;439101;4477766;N; ; ; ; ;6;40,4464364;-3,71942671
99;100;4_128;20240628;4;128;PUERTA DEL ANGEL;I;128;626; ;93;306;U;28;79;7901;790101;02110;Paseo;de;Extremadura;N;26; ; ;28011;10;206;102;T0799336;0790101550;;5;A;2;079-10-268;268; ;559-3;2;3;19990405;19930701; ;438409;4474159;N; ; ; ; ;6;40,4138989;-3,72724045
100;101;4_129;20240628;4;129;ALTO DE EXTREMADURA;I;129;627; ;93;135;U;28;79;7901;790101;02110;Paseo;de;Extremadura;N;154; ; ;28011;10;44;102;T0799695;0790101550;;5;A;2;079-10-265;265; ;559-3;2;3;19990405;19930701; ;437413;4473726;N; ; ; ; ;6;40,40992602;-3,73893618
101;102;4_13;20240628;4;13;TIRSO DE MOLINA;I;13;113; ;92;349;U;28;79;7901;790101;06033;Plaza;de;Tirso de Molina;N;7; ; ;28012;1;25;12;T0799530;0790101A10;;5;A;1;079-01-019;19; ;559-3;2;3;19990405;19930701; ;440323;4473971;N; ; ; ; ;1;40,4123481;-3,70465527
102;103;4_47;20240628;4;47;LAVAPIES;I;47;305; ;93;258;U;28;79;7901;790101;03392;Plaza;de;Lavapiés;N;7; ; ;28012;1;50;12;T0799854;0790101977;;5;A;1;079-01-020;20; ;559-3;2;3;19990405;19930701; ;440638;4473543;T; ; ; ; ;3;40,40851094;-3,70090412
103;104;4_226;20240628;4;226;GETAFE CENTRAL;I;226;1220; ;92;92;U;28;65;6503;650301;A0299;Calle; ;Ferrocarril;N;2; ; ;28904;3;16;;T065637;0650301031;7;4;B1;3;065-018;722; ;582-1;2;3;20030120;20030101; ;437737;4462623;T; ; ; ; ;12;40,30992791;-3,73402503
104;105;4_7;20240628;4;7;RIOS ROSAS;I;7;107; ;93;316;U;28;79;7901;790101;05201;Calle;de;Ríos Rosas;N;22; ; ;28003;7;103;75;T0796237; ;;6;A;1;079-07-129;129; ;559-1;2;3;19990405;19930701; ;440632;4477258;N; ; ; ; ;1;40,44197536;-3,70132848
105;106;4_10;20240628;4;10;TRIBUNAL;I;10;110; ;92;355;U;28;79;7901;790101;02365;Calle;de;Fuencarral;N;81; ; ;28004;1;88;14;T0798082;0790101322;;5;A;1;079-01-004;4; ;559-1;2;3;19990405;19930701; ;440637;4475505;T; ; ; ; ;1, 10;40,4261854;-3,70109985
106;107;4_102;20240628;4;102;CAMPAMENTO;I;102;529; ;92;5;U;28;79;7901;790101;07813;Avda;del;Padre Piquer;N;7; ; ;28024;10;133;104;T07911673;0790101584;3;5;A;2;079-10-251;251; ;559-3;2;3;20021120;20020901; ;434921;4472069;N; ; ; ; ;5;40,39480776;-3,76812814
107;108;4_105;20240628;4;105;CARPETANA;I;105;602; ;93;166;U;28;79;7901;790101;08995;Calle; ;Vía Carpetana;N;141; ; ;28025;11;81;114;T07912016;0790101589;;4;A;2;079-11-287;287; ;559-3;2;3;19990405;19930701; ;437222;4471816;T; ; ; ; ;6;40,3927019;-3,74099368
108;109;4_107;20240628;4;107;OPAÑEL;I;107;604; ;93;285;U;28;79;7901;790101;06234;Calle;del;Valle de Oro;N;50;A; ;28019;11;26;112;T07912880;0790101632;;4;A;2;079-11-285;285; ;559-3;2;3;19990405;19930701; ;438733;4471160;N; ; ; ; ;6;40,38690441;-3,72313362
109;110;4_109;20240628;4;109;USERA;I;109;606; ;93;359;U;28;79;7901;790101;00325;Calle;de;Amparo Usera;N;44; ; ;28026;12;61;125;T07912862;0790101628;;4;A;2;079-12-316;316; ;559-3;2;3;19990405;19930701; ;440111;4471170;N; ; ; ; ;6;40,38709669;-3,70689564
110;111;4_113;20240628;4;113;CONDE DE CASAL;I;113;611; ;92;8;U;28;79;7901;790101;01447;Plaza;del;Conde de Casal;N;3; ; ;28007;3;79;36;T07910074;0790101703;1;3;A;1;079-03-057;57; ;559-4;2;3;19990405;19930701; ;443225;4473352;T; ; ; ; ;6;40,40696795;-3,67040807
111;112;4_115;20240628;4;115;O'DONNELL;I;115;613; ;93;284;U;28;79;7901;790101;01736;Calle;del;Doctor Esquerdo;N;47; ; ;28028;4;43;43;T0798632;0790101461;;1;A;1;079-04-078;78; ;559-2;2;3;19990405;19930701; ;443392;4475118;N; ; ; ; ;6;40,42288843;-3,66859515
112;113;4_160;20240628;4;160;BARAJAS;I;160;807; ;92;37;U;28;79;7901;790101;02803;Cmno; ;Viejo de Hortaleza;N;10; ; ;28042;21;28;214;T0791777;0790101230;4;2;A;1;079-21-575;575; ;559-2;2;3;20020215;19980101; ;450732;4480936;T; ; ; ; ;8;40,47577416;-3,58252791
113;114;4_112;20240628;4;112;PACIFICO;I;18;610; ;92;53;U;28;79;7901;790101;00344;Calle;de;Andalucía;N;2; ; ;28007;3;99;32;T07910981;0790101712;1;3;A;1;079-03-064;64; ;559-4;2;3;19990405;19930701; ;442928;4472810;T; ; ; ; ;1, 6;40,40207174;-3,67385604
114;115;4_230;20240628;4;230;EL BERCIAL;S;230;1224; ;93;201;U;28;65;6507;650701;C0027;Avda; ;Comandante José Manuel Ripollés;N;4; ; ;28905;3;1;;T0651016;0650701001;;4;B1;3;065-001;705; ; ;2;3;20030120;20030101; ;438128;4464745;T; ; ; ; ;12;40,32907237;-3,72963318
115;116;4_234;20240628;4;234;HOSPITAL SEVERO OCHOA;I;234;1228; ;92;234;U;28;74;7402;740201;99999;Avda; ;Orellana;N;3; ; ;28914;1;1;;T0741187;0740201001;;4;B1;3;074-031;770; ; ;2;3;20030120;20030101; ;434864;4463962;T; ; ; ; ;12;40,32177027;-3,76797305
116;117;4_59;20240628;4;59;SERRANO;I;59;406; ;93;344;U;28;79;7901;790101;02608;Calle;de;Goya;N;19; ; ;28001;4;5;41;T0798191;0790101379;;1;A;1;079-04-070;70; ;solape;2;3;19990405;19930701; ;441864;4475412;N; ; ; ; ;4;40,42543216;-3,68663044
117;118;4_60;20240628;4;60;VELAZQUEZ;I;60;407; ;93;366;U;28;79;7901;790101;04373;Calle;de;Núñez de Balboa;N;33; ; ;28001;4;12;41;T0798383;0790101469;;1;A;1;079-04-074;74; ;559-2;2;3;19990405;19930701; ;442179;4475365;N; ; ; ; ;4;40,42503255;-3,68291815
118;119;4_63;20240628;4;63;DIEGO DE LEON;I;63;410; ;92;66;U;28;79;7901;790101;01704;Calle;de;Diego de León;N;69; ; ;28028;4;99;45;T0796908;0790101384;1;1;A;1;079-04-067;67; ;559-2;2;3;19990405;19930701; ;442862;4476430;N; ; ; ; ;4, 5, 6;40,43467947;-3,67495273
119;120;4_275;20240628;4;275;MONTECARMELO;I;275;1052; ;93;277;U;28;79;7901;790101;45934;Avda;de;Monasterio de Silos;N;63;A; ;28049;8;165;88;T079442;0790101981;;7;A;2;079-08-145;145; ;534-3;2;3;20070424;20070101; ;441160;4484278;T; ; ; ; ;10;40,50525216;-3,6957507
120;121;4_65;20240628;4;65;PROSPERIDAD;I;65;412; ;93;211;U;28;79;7901;790101;11292;Plaza;de la;Prosperidad;N;4; ; ;28002;5;42;53;T0796021;0790101363;;1;A;1;079-05-097;97; ;559-2;2;3;19990405;19930701; ;442882;4477486;N; ; ; ; ;4;40,44418898;-3,6748189
121;122;4_66;20240628;4;66;ALFONSO XIII;I;66;413; ;93;129;U;28;79;7901;790101;03477;Calle;de;López de Hoyos;N;190; ; ;28002;5;22;52;T0795542;0790101359;;1;A;1;079-05-099;99; ;559-2;2;3;19990405;19930701; ;443471;4477932;N; ; ; ; ;4;40,44824839;-3,66790615
122;123;4_67;20240628;4;67;AVENIDA DE LA PAZ;I;67;414; ;93;149;U;28;79;7901;790101;05092;Avda;de;Ramón y Cajal;N;107; ; ;28043;15;153;156;T0794748;0790101354;;1;A;2;079-15-401;401; ;559-2;2;3;19990405;19930701; ;444046;4478515;N;Esq Avda de Ramón y Cajal; ; ; ;4;40,45354264;-3,661182
123;124;4_68;20240628;4;68;ARTURO SORIA;I;68;415; ;93;74;U;28;79;7901;790101;00582;Calle;de;Arturo Soria;N;172; ; ;28043;15;174;156;T0794431;0790101344;;1;A;2;079-15-401;401; ;559-2;2;3;19990405;19930701; ;444472;4478766;N; ; ; ; ;4;40,45583249;-3,65618122
124;125;4_69;20240628;4;69;ESPERANZA;I;69;416; ;93;207;U;28;79;7901;790101;10219;Calle;de;Andorra;N;51; ; ;28043;16;15;163;T0793932;0790101224;;1;A;2;079-16-458;458; ;559-2;2;3;19990405;19930701; ;445354;4479161;N; ; ; ; ;4;40,4594473;-3,64581718
125;126;4_70;20240628;4;70;CANILLAS;I;70;417; ;93;164;U;28;79;7901;790101;11701;Avda;de;Machupichu;N;64; ; ;28043;16;21;163;T0793492;0790101180;;1;A;2;079-16-455;455; ;559-2;2;3;19990405;19930701; ;446224;4479639;T; ; ; ; ;4;40,46381054;-3,63559546
126;127;4_71;20240628;4;71;MAR DE CRISTAL;I;71;418; ;92;79;U;28;79;7901;790101;11719;Gta;del;Mar de Cristal;N;1;B; ;28033;16;50;164;T0792835;0790101173;4;1;A;2;079-16-452;452; ;559-2;2;3;19990405;19930701; ;445997;4480264;T; ; ; ; ;4, 8;40,46942603;-3,63832267
127;128;4_72;20240628;4;72;SAN LORENZO;I;72;419; ;93;337;U;28;79;7901;790101;07486;Avda;de la;Barranquilla;N;9; ; ;28033;16;58;164;T0792111;0790101173;;1;A;2;079-16-450;450; ;559-2;2;3;19990405;19930701; ;445895;4480825;T; ; ; ; ;4;40,47447074;-3,63957728
128;129;4_73;20240628;4;73;PARQUE DE SANTA MARIA;I;73;420; ;93;291;U;28;79;7901;790101;09561;Calle;de;Santa Virgilia;N;1; ; ;28033;16;64;164;T0791697;0790101168;;1;A;2;079-16-446;446; ;559-2;2;3;19990405;19930701; ;445417;4481122;T; ; ; ; ;4;40,47711429;-3,645242
129;130;4_74;20240628;4;74;CANILLEJAS;I;74;501; ;91;6;U;28;79;7901;790101;00132;Calle;de;Alcalá;N;631; ; ;28022;20;72;207;T0795385;0790101001;4;2;A;2;079-20-547;547; ;559-2;2;3;19990405;19930701; ;448539;4478026;N; ; ; ; ;5;40,44942085;-3,60816032
130;131;4_75;20240628;4;75;TORRE ARIAS;I;75;502; ;93;350;U;28;79;7901;790101;00132;Calle;de;Alcalá;N;557; ; ;28027;20;95;208;T0795643;0790101431;;2;A;2;079-20-545;545; ;559-2;2;3;19990405;19930701; ;447785;4477401;N; ; ; ; ;5;40,4437433;-3,61699471
131;132;4_76;20240628;4;76;SUANZES;I;76;503; ;93;347;U;28;79;7901;790101;00132;Calle;de;Alcalá;N;527; ; ;28037;20;119;201;T0796414;0790101445;;2;A;2;079-20-550;550; ;559-2;2;3;19990405;19930701; ;446948;4477085;N; ; ; ; ;5;40,44085124;-3,62683974
132;133;4_77;20240628;4;77;CIUDAD LINEAL;I;77;504; ;91;7;U;28;79;7901;790101;00582;Calle;de;Arturo Soria;N;2; ; ;28027;15;93;153;T0796669;0790101414;4;1;A;2;079-15-415;415; ;559-2;2;3;19990405;19930701; ;445986;4476781;N; ; ; ; ;5;40,43804841;-3,63815759
133;134;4_79;20240628;4;79;QUINTANA;I;79;506; ;93;310;U;28;79;7901;790101;06453;Calle;de la;Virgen del Sagrario;N;2; ; ;28027;15;108;153;T0797112;0790101412;;1;A;2;079-15-413;413; ;559-2;2;3;19990405;19930701; ;445202;4476291;N; ; ; ; ;5;40,43358494;-3,64736224
134;135;4_80;20240628;4;80;EL CARMEN;I;80;507; ;93;203;U;28;79;7901;790101;45119;Calle;de;Raquel Méller;N;2; ; ;28027;15;115;154;T0797265;0790101410;;1;A;2;079-15-410;410; ;559-2;2;3;19990405;19930701; ;444334;4476110;N; ; ; ; ;5;40,43189329;-3,65757255
135;136;4_83;20240628;4;83;NUÑEZ DE BALBOA;I;83;510; ;93;283;U;28;79;7901;790101;03219;Calle;de;Juan Bravo;N;20; ; ;28006;4;115;46;T0797259; ;;1;A;1;079-04-066;66; ;559-2;2;3;19990405;19930701; ;442214;4476225;N; ; ; ; ;5, 9;40,43278061;-3,68257991
136;137;4_84;20240628;4;84;RUBEN DARIO;I;84;511; ;93;323;U;28;79;7901;790101;01875;Paseo;de;Eduardo Dato;N;33; ; ;28010;7;82;74;T0797099;0790101294;;6;A;1;079-07-135;135; ;559-1;2;3;19990405;19930701; ;441624;4476271;N; ; ; ; ;5;40,43315794;-3,6895416
137;138;4_9;20240628;4;9;BILBAO;I;9;109; ;93;160;U;28;79;7901;790101;05315;Calle;de;Sagasta;N;2; ; ;28004;7;51;73;T0797766;0790101297;;5;A;1;079-07-138;138; ;559-1;2;3;19990405;19930701; ;440548;4475824;T; ; ; ; ;1, 4;40,42905603;-3,70218207
138;139;4_90;20240628;4;90;LA LATINA;I;90;517; ;93;248;U;28;79;7901;790101;05526;Calle;de;San Millán;N;5; ; ;28005;1;25;12;T0799657;0790101A11;;5;A;1;079-01-019;19; ;559-3;2;3;19990405;19930701; ;440025;4473855;N; ; ; ; ;5;40,41128033;-3,70816087
139;140;4_94;20240628;4;94;MARQUES DE VADILLO;I;94;521; ;93;269;U;28;79;7901;790101;03887;Gta;del;Marqués de Vadillo;N;4; ; ;28019;11;181;112;T07911399;0790101598;;4;A;2;079-11-276;276; ;559-3;2;3;19990405;19930701; ;439351;4472315;N; ; ; ; ;5;40,39735629;-3,71596008
140;141;4_95;20240628;4;95;URGEL;I;95;522; ;93;358;U;28;79;7901;790101;11051;Calle;del;Camino Viejo de Leganés;N;1; ; ;28019;11;41;112;T07911970;0790101593;;4;A;2;079-11-284;284; ;559-3;2;3;19990405;19930701; ;438698;4471876;N; ; ; ; ;5;40,39335177;-3,72360482
141;142;4_97;20240628;4;97;VISTA ALEGRE;I;97;524; ;93;373;U;28;79;7901;790101;04383;Calle;de la;Oca;N;74; ; ;28025;11;107;114;T07912575;0790101634;;4;A;2;079-11-289;289; ;559-3;2;3;19990405;19930701; ;437318;4471387;N; ; ; ; ;5;40,38884703;-3,73982455
142;143;4_98;20240628;4;98;CARABANCHEL;I;98;525; ;93;165;U;28;79;7901;790101;01901;Gta;del;Ejército;N;1; ; ;28047;11;89;114;T07912698;0790101635;;4;A;2;079-11-288;288; ;559-3;2;3;19990405;19930701; ;436888;4471277;N; ; ; ; ;5;40,38782702;-3,74487052
143;144;4_345;20240628;4;345;PACO DE LUCIA;I;345;952; ;93;480;U;28;79;7901;;45945;Calle;de;Monasterio de Las Huelgas;N;5; ; ;28034;8;135;87;T079679; ;;7;A;1;079-08-160;160; ;559-1;4;3;20150325;20150325; ;440026;4483665;T; ; ; ; ;9;40,49970799;-3,70912735
144;145;4_137;20240628;4;137;PUEBLO NUEVO;I;78;706; ;93;305;U;28;79;7901;790101;00132;Calle;de;Alcalá;N;372; ; ;28027;15;100;153;T0796862;0790101414;;1;A;2;079-15-414;414; ;559-2;2;3;19990405;19930701; ;445588;4476519;T; ; ; ; ;5, 7;40,43565852;-3,64282294
145;146;4_78;20240628;4;78;PUEBLO NUEVO;I;78;505; ;93;305;U;28;79;7901;790101;00132;Calle;de;Alcalá;N;372; ; ;28027;15;100;153;T0796862;0790101414;;1;A;2;079-15-414;414; ;559-2;2;3;19990405;19930701; ;445588;4476523;T; ; ; ; ;5, 7;40,43569284;-3,64282326
146;147;4_124;20240628;4;124;CIUDAD UNIVERSITARIA;I;124;622; ;92;70;U;28;79;7901;790101;08012;Avda; ;Complutense;N;1; ; ;28040;9;33;93;T0795967;0790101253;5;6;A;2;079-09-219;219; ;559-1;2;3;19990405;19930701; ;438474;4477451;T; ; ; ; ;6;40,44356468;-3,72678481
147;148;4_122;20240628;4;122;GUZMAN EL BUENO;I;122;620; ;93;225;U;28;79;7901;790101;02695;Calle;de;Guzmán el Bueno;N;118; ; ;28003;7;135;76;T0795687;0790101275;;6;A;1;079-07-121;121; ;559-1;2;3;19990405;19930701; ;439706;4477752;T; ; ; ; ;6, 7;40,44636608;-3,71229404
148;149;4_146;20240628;4;146;GUZMAN EL BUENO;I;122;715; ;93;225;U;28;79;7901;790101;02695;Calle;de;Guzmán el Bueno;N;118; ; ;28003;7;135;76;T0795687;0790101275;;6;A;1;079-07-121;121; ;559-1;2;3;19990430;19930701; ;439706;4477748;T; ; ; ; ;6, 7;40,4463289;-3,71229364
149;150;4_176;20240628;4;176;VINATEROS;I;176;916; ;93;372;U;28;79;7901;790101;07514;Calle;del;Camino de los Vinateros;N;70; ; ;28030;14;30;144;T0799800;0790101694;;3;A;2;079-14-380;380; ;559-4;2;3;19990405;19930701; ;444727;4473704;N; ; ; ; ;9;40,41023993;-3,65273421
150;151;4_177;20240628;4;177;ARTILLEROS;I;177;917; ;93;144;U;28;79;7901;790101;07514;Calle;del;Camino de los Vinateros;N;210; ; ;28030;14;64;146;T07910371;0790101694;;3;A;2;079-14-385;385; ;559-4;2;3;19990405;19930701; ;445650;4473140;N; ; ; ; ;9;40,40522383;-3,64181234
151;152;4_18;20240628;4;18;PACIFICO;I;18;118; ;92;53;U;28;79;7901;790101;01357;Avda;de la;Ciudad de Barcelona;N;79; ; ;28007;3;95;31;T07910963;0790101715;1;3;A;1;079-03-063;63; ;559-4;2;3;19990405;19930701; ;442819;4472721;T; ; ; ; ;1, 6;40,40126179;-3,67513656
152;153;4_20;20240628;4;20;NUEVA NUMANCIA;I;20;120; ;93;281;U;28;79;7901;790101;00130;Avda;de la;Albufera;N;70; ; ;28053;13;52;132;T07911684;0790101721;;3;A;2;079-13-351;351; ;559-4;2;3;19990405;19930701; ;443747;4472079;N; ; ; ; ;1;40,39553816;-3,6641417
153;154;4_181;20240628;4;181;SAN CIPRIANO;I;181;921; ;93;327;U;28;79;7901;790101;08410;Calle;de;San Cipriano;N;68; ; ;28032;19;7;191;T07910711;0790101892;;3;A;2;079-19-531;531; ;559-4;2;3;19990405;19930701; ;448993;4472960;T; ; ; ; ;9;40,40381176;-3,60239405
154;155;4_61;20240628;4;61;GOYA;I;30;408; ;91;61;U;28;79;7901;790101;02608;Calle;de;Goya;N;68; ; ;28001;4;19;42;T0798430;0790101468;1;1;A;1;079-04-075;75; ;559-2;2;3;19990405;19930701; ;442693;4475336;T; ; ; ; ;2, 4;40,42480541;-3,67684614
155;156;4_172;20240628;4;172;PRINCIPE DE VERGARA;I;31;912; ;93;301;U;28;79;7901;790101;02511;Calle;del;Príncipe de Vergara;N;12; ; ;28001;4;15;42;T0798453;0790101468;;1;A;1;079-04-075;75; ;559-2;2;3;19990405;19930701; ;442405;4475268;T; ; ; ; ;2, 9;40,42417596;-3,68023987
156;157;4_194;20240628;4;194;GREGORIO MARAÑON;I;142;1008; ;92;223;U;28;79;7901;790101;04049;Calle;de;Miguel Ángel;N;29; ; ;28010;7;93;74;T0796658;0790101293;;6;A;1;079-07-135;135; ;559-1;2;3;19990405;19980101; ;441481;4476758;T; ; ; ; ;7, 10;40,43753407;-3,6912676
157;158;4_91;20240628;4;91;PUERTA DE TOLEDO;I;91;518; ;93;55;U;28;79;7901;790101;04981;Gta;de;Puerta de Toledo;N;1; ; ;28005;1;22;12;T07910174;0790101566;;5;A;1;079-01-022;22; ;559-3;2;3;19990405;19930701; ;439776;4473386;N; ; ; ; ;5;40,40703576;-3,71104645
158;159;4_259;20240628;4;259;ARGANZUELA-PLANETARIO;S;259;608; ;93;143;U;28;79;7901;790101;00895;Calle;del;Bronce;N;1;A; ;28045;2;52;25;T07911957;0790101618;;4;A;1;079-02-040;40; ;559-3;2;3;20070129;20070126; ;441666;4471824;T; ; ; ; ;6;40,39310271;-3,68864035
159;160;4_255;20240628;4;255;CARABANCHEL ALTO;I;255;1105; ;93;161;U;28;79;7901;790101;02496;Avda;de;Carabanchel Alto;N;40; ; ;28054;11;139;116;T07914816;0790101807;;4;A;2;079-11-306;306; ;559-3;2;3;20061213;20061101; ;436276;4469526;T; ; ; ; ;11;40,37200242;-3,75190634
160;161;4_140;20240628;4;140;CARTAGENA;I;140;709; ;93;167;U;28;79;7901;790101;00312;Avda;de;América;N;35; ; ;28002;5;33;52;T0796388;0790101360;;1;A;1;079-05-103;103; ;559-2;2;3;19990405;19930701; ;443104;4476946;N; ; ; ; ;7;40,4393375;-3,6721516
161;162;4_139;20240628;4;139;PARQUE DE LAS AVENIDAS;I;139;708; ;93;289;U;28;79;7901;790101;00902;Avda;de;Bruselas;N;56; ; ;28028;4;82;44;T0796479;0790101400;;1;A;1;079-04-069;69; ;559-2;2;3;19990405;19930701; ;443883;4476952;N; ; ; ; ;7;40,4394476;-3,66297058
162;163;4_86;20240628;4;86;CHUECA;I;86;513; ;93;170;U;28;79;7901;790101;01644;Plaza;de;Chueca;N;7; ; ;28004;1;81;14;T0798596;0790101324;;5;A;1;079-01-004;4; ;559-1;2;3;19990405;19930701; ;440930;4475141;N; ; ; ; ;5;40,42293318;-3,69761659
163;164;4_196;20240628;4;196;TRIBUNAL;I;10;1010; ;92;355;U;28;79;7901;790101;04502;Calle;de la;Palma;N;5; ; ;28004;1;101;15;T0798207;0790101321;;5;A;1;079-01-003;3; ;559-1;2;3;19990405;19930701; ;440554;4475484;T; ; ; ; ;1, 10;40,4259952;-3,70207775
164;165;4_197;20240628;4;197;PLAZA DE ESPAÑA;I;50;1011; ;92;64;U;28;79;7901;790101;05172;Calle;de los;Reyes;N;10; ; ;28015;1;111;15;T0798396;0790101318;;5;A;1;079-01-007;7; ;559-1;2;3;19990405;19930701; ;439906;4475278;T; ; ; ; ;2, 3, 10;40,42408689;-3,70969871
165;166;4_145;20240628;4;145;ISLAS FILIPINAS;I;145;714; ;93;238;U;28;79;7901;790101;01263;Calle;de;Cea Bermúdez;N;54; ; ;28003;7;127;76;T0796439;0790101278;;6;A;1;079-07-126;126; ;559-1;2;3;19990430;19930701; ;439577;4476943;T; ; ; ; ;7;40,43906821;-3,71372864
166;167;4_169;20240628;4;169;CRUZ DEL RAYO;I;169;909; ;93;179;U;28;79;7901;790101;02511;Calle;del;Príncipe de Vergara;N;138; ; ;28002;5;43;53;T0795757;0790101364;;1;A;1;079-05-097;97; ;559-2;2;3;19990405;19930701; ;442594;4477497;N; ; ; ; ;9;40,44426588;-3,67821411
167;168;4_17;20240628;4;17;MENENDEZ PELAYO;I;17;117; ;93;272;U;28;79;7901;790101;01357;Avda;de la;Ciudad de Barcelona;N;23; ; ;28007;3;5;31;T07910481;0790101710;;3;A;1;079-03-060;60; ;559-4;2;3;19990405;19930701; ;442325;4473079;N; ; ; ; ;1;40,40445052;-3,68097942
168;169;4_173;20240628;4;173;IBIZA;I;173;913; ;93;236;U;28;79;7901;790101;02844;Calle;de;Ibiza;N;1; ; ;28009;3;59;34;T0799034;0790101472;;3;A;1;079-03-048;48; ;559-2;2;3;19990405;19930701; ;442541;4474625;N; ; ; ; ;9;40,41839121;-3,67857511
169;170;4_136;20240628;4;136;ASCAO;I;136;705; ;93;146;U;28;79;7901;790101;00621;Calle;de;Ascao;N;29; ; ;28017;15;50;152;T0797470;0790101452;;1;A;2;079-15-420;420; ;559-2;2;3;19990405;19930701; ;445734;4475912;N; ; ; ; ;7;40,43020553;-3,64105571
170;171;4_87;20240628;4;87;GRAN VIA;I;11;514; ;93;222;U;28;79;7901;790101;03097;Calle; ;Gran Vía;N;23; ; ;28013;1;117;16;T0798905;0790101328;;5;A;1;079-01-014;14; ;559-1;2;3;19990405;19930701; ;440572;4474817;T; ; ; ; ;1, 5;40,41998662;-3,70180393
171;172;4_289;20240628;4;289;LA RAMBLA;I;289;756; ;93;252;U;28;49;4901;490101;A0132;Calle; ;Honduras;N;2; ; ;28823;2;4;;T049174;0490101013;;2;B1;3;049-006;899; ;559-2;2;3;20070507;20070101; ;453630;4475298;T; ; ; ; ;7;40,42514349;-3,54792383
172;173;4_287;20240628;4;287;BARRIO DEL PUERTO;I;287;754; ;93;157;U;28;49;4901;490101;A0101;Avda;de;España;N;8; ; ;28821;1;20;;T049324;0490101009;;2;B1;3;049-009;902; ;559-2;2;3;20070507;20070101; ;451824;4475015;T; ; ; ; ;7;40,42249687;-3,56918847
173;174;4_290;20240628;4;290;SAN FERNANDO;I;290;757; ;93;332;U;28;130;13002;1300201;00037;Calle;de;Gonzalo de Córdoba;N;24; ; ;28830;1;1;;T130234;1300201002;;2;B1;3;130-008;929; ;559-2;2;3;20070507;20070101; ;454691;4475210;T; ; ; ; ;7;40,42441225;-3,53541452
174;175;4_291;20240628;4;291;JARAMA;I;291;758; ;93;239;U;28;130;13002;1300201;00235;Plaza; ;Guernica;N;1; ; ;28830;1;6;;T130227;1300201008;;2;B1;3;130-008;929; ;559-2;2;3;20070507;20070101; ;455531;4475043;T; ; ; ; ;7;40,42295481;-3,52549376
175;176;4_292;20240628;4;292;HENARES;I;292;759; ;93;226;U;28;130;13002;1300201;00502;Avda;de;Algorta;N;12; ; ;28830;1;15;191;T130336;1300201009;;2;B1;3;130-009;930; ;solape;2;3;20070507;20070101; ;455385;4474468;T; ; ; ; ;7;40,41776949;-3,52717835
176;177;4_294;20240628;4;294;LAS SUERTES;I;294;129; ;93;257;U;28;79;7901;790101;C0381;Calle;de;Cañada del Santísimo;N;45; ; ;28031;18;49;181;T07915560;0790101A15;;3;A;2;079-18-515;515; ;559-4;2;3;20070511;20070101; ;449206;4468453;T; ; ; ; ;1;40,36322803;-3,59953269
177;178;4_295;20240628;4;295;VALDECARROS;I;295;130; ;93;362;U;28;79;7901;790101;C0380;Avda;del;Ensanche de Vallecas;N;120;A; ;28031;18;52;181;T07915692;0790101A15;;3;A;2;079-18-517;517; ;559-4;2;3;20070511;20070101; ;449744;4468099;T; ; ; ; ;1;40,36006813;-3,59316035
178;179;4_8;20240628;4;8;IGLESIA;I;8;108; ;93;237;U;28;79;7901;790101;04829;Gta;del;Pintor Sorolla;N;2; ; ;28010;7;65;73;T0796943;0790101298;;6;A;1;079-07-133;133; ;559-1;2;3;19990405;19930701; ;440825;4476473;T; ; ; ; ;1;40,43492348;-3,69897999
179;180;4_25;20240628;4;25;SIERRA DE GUADALUPE;I;25;125; ;91;49;U;28;79;7901;790101;09429;Avda;de la;Democracia;N;1; ; ;28031;13;128;134;T07913672;0790101776;3;3;A;2;079-13-350;350; ;559-4;2;3;19990430;19930701; ;447082;4470570;T; ; ; ; ;1;40,38216425;-3,62471747
180;181;4_11;20240628;4;11;GRAN VIA;I;11;111; ;93;222;U;28;79;7901;790101;03097;Calle; ;Gran Vía;N;23; ; ;28013;1;117;16;T0798905;0790101328;;5;A;1;079-01-014;14; ;559-1;2;3;19990405;19930701; ;440572;4474820;T; ; ; ; ;1, 5;40,42000828;-3,70180415
181;182;4_262;20240628;4;262;BAMBU;I;262;152; ;93;152;U;28;79;7901;790101;00710;Calle;del;Bambú;N;14; ; ;28036;5;94;56;T0791371;0790101A01;;1;A;1;079-05-083;83; ;559-2;2;3;20070409;20070101; ;442778;4481109;T; ; ; ; ;1;40,47681536;-3,67636744
182;183;4_144;20240628;4;144;CANAL;I;41;713; ;93;163;U;28;79;7901;790101;01263;Calle;de;Cea Bermúdez;N;1; ; ;28003;7;121;76;T0796509;0790101281;;6;A;1;079-07-128;128; ;559-1;2;3;19990405;19930701; ;440327;4476897;T; ; ; ; ;2, 7;40,43870251;-3,70488899
183;184;4_277;20240628;4;277;RONDA DE LA COMUNICACION;I;277;1054; ;93;321;U;28;79;7901;790101;C0619;Ronda;de la;Comunicación;N;22; ; ;28050;8;128;86;T079273;0790101996;;7;A;2;079-08-153;153; ;534-4;2;3;20070424;20070101; ;443963;4485398;T; ; ; ; ;10;40,51553465;-3,6627651
184;185;4_55;20240628;4;55;SAN BERNARDO;I;39;402; ;93;325;U;28;79;7901;790101;05292;Gta;de;Ruiz Jiménez;N;5; ; ;28015;7;50;73;T0797624;0790101297;;6;A;1;079-07-138;138; ;559-1;2;3;19990405;19930701; ;440252;4475894;N; ; ; ; ;2, 4;40,42966246;-3,70567379
185;186;4_56;20240628;4;56;BILBAO;I;9;403; ;93;160;U;28;79;7901;790101;05315;Calle;de;Sagasta;N;5; ; ;28004;7;73;73;T0797776;0790101297;;6;A;1;079-07-139;139; ;559-1;2;3;19990405;19930701; ;440636;4475801;T; ; ; ; ;1, 4;40,42885031;-3,70113818
186;187;4_195;20240628;4;195;ALONSO MARTINEZ;I;57;1009; ;92;133;U;28;79;7901;790101;03672;Calle;de;Manuel González Longoria;N;14; ; ;28010;7;72;73;T0797834;0790101296;;6;A;1;079-07-139;139; ;559-1;2;3;19990405;19930701; ;441035;4475762;N; ; ; ; ;4, 5, 10;40,42852603;-3,69643189
187;188;4_85;20240628;4;85;ALONSO MARTINEZ;I;57;512; ;92;133;U;28;79;7901;790101;00224;Calle;de;Almagro;N;4; ; ;28010;7;75;74;T0797902;0790101295;;6;A;1;079-07-140;140; ;559-1;2;3;19990405;19930701; ;441155;4475733;N; ; ; ; ;4, 5, 10;40,42828258;-3,6950229
188;189;4_46;20240628;4;46;EMBAJADORES;I;46;304; ;92;10;U;28;79;7901;790101;01925;Gta;de;Embajadores;N;10; ; ;28012;1;39;12;T07910437;0790101612;1;5;A;1;079-01-022;22; ;559-3;2;3;19990405;19930701; ;440485;4473168;T; ; ; ; ;3, 5;40,40512727;-3,7026805
189;190;4_125;20240628;4;125;MONCLOA;I;53;623; ;90;14;U;28;79;7901;790101;04213;Paseo;de;Moret;N;1; ; ;28008;9;28;92;T0796952;0790101305;5;6;A;2;079-09-227;227; ;559-1;2;3;19990405;19930701; ;439089;4476492;T; ; ; ; ;3, 6;40,43496631;-3,71945001
190;191;4_100;20240628;4;100;ALUCHE;E;100;527; ;90;1;U;28;79;7901;790101;08718;Calle;de;Valmojado;N;293; ; ;28047;10;91;104;T07912935;0790101642;3;5;A;2;079-10-256;256; ;559-3;2;3;19990405;19930701; ;435534;4471045;T; ; ; ; ;5;40,38562862;-3,76080381
191;192;4_92;20240628;4;92;ACACIAS;I;46;519; ;92;10;U;28;79;7901;790101;00022;Paseo;de las;Acacias;N;20; ; ;28005;2;20;22;T07910480;0790101567;1;4;A;1;079-02-028;28; ;559-3;2;3;19990405;19930701; ;440147;4473032;N; ; ; ; ;3, 5;40,40387164;-3,70664109
192;193;4_110;20240628;4;110;LEGAZPI;I;43;607; ;92;11;U;28;79;7901;790101;03410;Plaza;de;Legazpi;N;2;B; ;28045;2;100;24;T07912296;0790101625;1;4;A;1;079-02-041;41; ;559-3;2;3;19990405;19930701; ;441120;4471613;T; ; ; ; ;3, 6;40,39115776;-3,69505137
193;194;4_43;20240628;4;43;LEGAZPI;I;43;301; ;92;11;U;28;79;7901;790101;03410;Plaza;de;Legazpi;N;2;B; ;28045;2;47;23;T07912258;0790101624;1;4;A;1;079-02-038;38; ;559-3;2;3;19990405;19930701; ;441114;4471612;T; ; ; ; ;3, 6;40,391155;-3,69511369
194;195;4_127;20240628;4;127;PRINCIPE PIO;I;127;625; ;90;18;U;28;79;7901;790101;02239;Paseo;de la;Florida;N;2; ; ;28008;9;10;91;T0798149;0790101315;1;6;A;2;079-09-230;230; ;559-1;2;3;19990405;19930701; ;439002;4474950;P; ; ; ; ;6, 10, R;40,42106885;-3,72032356
195;196;4_198;20240628;4;198;PRINCIPE PIO;I;127;1012; ;90;18;U;28;79;7901;790101;02239;Paseo;de la;Florida;N;2; ; ;28008;9;10;91;T0798149;0790101315;1;6;A;2;079-09-230;230; ;559-1;2;3;19990405;19940101; ;439002;4474946;P; ; ; ; ;6, 10, R;40,42103069;-3,72032627
196;197;4_238;20240628;4;238;PRINCIPE PIO;I;127;2; ;90;18;U;28;79;7901;790101;02239;Paseo;de la;Florida;N;2; ; ;28008;9;10;91;T0798149;0790101315;1;6;A;2;079-09-230;230; ;559-1;2;3;19990405;19940101; ;439002;4474942;P; ; ; ; ;6, 10, R;40,42099494;-3,72032589
197;198;4_187;20240628;4;187;FUENCARRAL;I;187;1001; ;93;440;U;28;79;7901;790101;02384;Calle;de la;Fuente Chica;N;21; ; ;28034;8;122;86;T079856;0790101062;;7;A;2;079-08-162;162; ;559-1;2;3;19990405;19980101; ;441399;4483147;N; ; ; ; ;10;40,49508516;-3,69283123
198;199;4_191;20240628;4;191;CUZCO;I;191;1005; ;93;180;U;28;79;7901;790101;01213;Paseo;de la;Castellana;N;162; ; ;28046;5;69;54;T0794193;0790101263;;1;A;1;079-05-092;92; ;559-1;2;3;19990405;19980101; ;441619;4479076;N; ; ; ; ;10;40,45842142;-3,68985075
199;200;4_192;20240628;4;192;SANTIAGO BERNABEU;I;192;1006; ;92;342;U;28;79;7901;790101;01213;Paseo;de la;Castellana;N;97; ; ;28046;5;4;51;T0794957;0790101265;;1;A;1;079-05-096;96; ;559-1;2;3;19990405;19980101; ;441569;4478317;N; ; ; ; ;10;40,45158918;-3,69037935
200;201;4_2;20240628;4;2;VALDEACEDERAS;I;2;102; ;93;360;U;28;79;7901;790101;00886;Calle;de;Bravo Murillo;N;332; ; ;28020;6;69;63;T0793479;0790101126;;6;A;1;079-06-112;112; ;559-1;2;3;19990405;19930701; ;441183;4479745;N; ; ; ; ;1;40,46442418;-3,69506204
201;202;4_205;20240628;4;205;PUERTA DEL SUR;I;205;1021; ;92;307;U;28;7;701;70101;02477;Avda;de la;Libertad;N;2; ; ;28924;2;28;;T007474;0070101034;;5;B1;3;007-011;654; ;559-3;2;3;20030120;20030101; ;431138;4466601;T; ; ; ; ;10, 12;40,34524288;-3,81211074
202;203;4_204;20240628;4;204;JOAQUIN VILUMBRALES;I;204;1020; ;93;240;U;28;7;701;70101;02477;Avda;de la;Libertad;N;13; ; ;28925;2;21;;T007336;0070101020;;5;B1;3;007-012;655; ;559-3;2;3;20030120;20030101; ;431560;4467108;T; ; ; ; ;10;40,3498481;-3,80720128
203;204;4_207;20240628;4;207;ABRANTES;I;207;1102; ;93;431;U;28;79;7901;790101;00017;Avda;de;Abrantes;N;77; ; ;28025;11;168;117;T07913568;0790101657;;4;A;2;079-11-296;296; ;559-3;2;3;19990405;19930701; ;438322;4470489;T; ; ; ; ;11;40,38083362;-3,72790025
204;205;4_208;20240628;4;208;PAN BENDITO;I;208;1103; ;93;288;U;28;79;7901;790101;00017;Avda;de;Abrantes;N;289; ; ;28025;11;158;117;T07914219;0790101654;;4;A;2;079-11-302;302; ;559-3;2;3;19990405;19930701; ;437786;4469942;T; ; ; ; ;11;40,37586864;-3,73416886
205;206;4_21;20240628;4;21;PORTAZGO;I;21;121; ;93;302;U;28;79;7901;790101;00130;Avda;de la;Albufera;N;131; ; ;28018;13;86;133;T07912258;0790101A01;;3;A;1;079-13-358;358; ;559-4;2;3;19990405;19930701; ;444208;4471756;T; ; ; ; ;1;40,39266056;-3,65867771
206;207;4_210;20240628;4;210;PARQUE LISBOA;I;210;1202; ;93;293;U;28;7;701;70101;02522;Calle;de;Porto Lagos;N;7; ; ;28924;2;1;;T007279;0070101013;;5;B1;3;007-010;653; ;559-3;2;3;20030120;20030101; ;430371;4467101;T; ; ; ; ;12;40,34968728;-3,82119573
207;208;4_212;20240628;4;212;PARQUE OESTE;I;212;1204; ;93;294;U;28;7;701;70101;02606;Calle;de;Estambul;N;5; ; ;28922;1;17;;T007303;0070101029;;5;B1;3;007-008;651; ;559-3;2;3;20030120;20030101; ;427977;4466703;T; ; ; ; ;12;40,34589438;-3,84933862
208;209;4_213;20240628;4;213;UNIVERSIDAD REY JUAN CARLOS;I;213;1205; ;92;357;U;28;92;9201;920101;A0368;Calle; ;Tulipán;N;2; ; ;28933;2;34;;T092114;0920101065;;5;B2;3;092-004;782; ;558-4;2;3;20030120;20030101; ;426025;4465526;T; ; ; ; ;12;40,33512298;-3,87217961
209;210;4_215;20240628;4;215;PRADILLO;I;215;1207; ;93;304;U;28;92;9201;920101;A0004;Calle;de;Agustina de Aragón;N;23; ; ;28931;4;1;;T092404;0920101008;;5;B2;3;092-017;795; ;581-2;2;3;20030120;20030101; ;426630;4464028;T; ; ; ; ;12;40,32167697;-3,8648894
210;211;4_104;20240628;4;104;LAGUNA;I;104;601; ;92;83;U;28;79;7901;790101;01597;Calle;de;Cuart de Poblet;N;1; ; ;28047;10;6;101;T07911131;0790101911;3;5;A;1;079-10-264;264; ;559-3;2;3;19990405;19930701; ;436948;4472543;T; ; ; ; ;6;40,39922963;-3,74428872
211;212;4_216;20240628;4;216;HOSPITAL DE MOSTOLES;I;216;1208; ;92;231;U;28;92;9201;920101;A0325;Calle;del;Río Sella;N;10; ; ;28934;4;25;;T092569;0920101057;;5;B2;3;092-024;802; ;581-2;2;3;20030120;20030101; ;425790;4463464;T; ; ; ; ;12;40,31652428;-3,87471248
212;213;4_224;20240628;4;224;CONSERVATORIO;I;224;1218; ;93;177;U;28;65;6503;650301;A0074;Avda;de las;Arcas del Agua;N;5; ; ;28905;3;26;;T0651135;0650301004;;4;B1;3;065-027;731; ;582-1;2;3;20030120;20030101; ;436724;4460780;T; ; ; ; ;12;40,29324385;-3,74576104
213;214;4_218;20240628;4;218;LORANCA;I;218;1210; ;93;260;U;28;58;5805;580501;A0015;Calle;de la;Alegría;N;4; ; ;28942;9;5;;T058165;0580501001;;4;B2;3;058-003;678; ;582-1;2;3;20030120;20030101; ;428915;4461245;T; ; ; ; ;12;40,29681266;-3,83768346
214;215;4_219;20240628;4;219;HOSPITAL DE FUENLABRADA;I;219;1212; ;92;230;U;28;58;5801;580102;A0319;Cmno;del;Molino;N;3; ; ;28942;7;7;;T058439;0580102039;;4;B2;3;058-014;689; ;582-1;2;3;20030120;20030101; ;430711;4460001;T; ; ; ; ;12;40,28575549;-3,81641681
215;216;4_220;20240628;4;220;PARQUE EUROPA;I;220;1213; ;93;292;U;28;58;5801;580102;A0179;Calle;de;Francia;N;34; ; ;28943;7;9;;T058510;0580102015;;4;B2;3;058-016;691; ;582-1;2;3;20030120;20030101; ;431569;4459929;T; ; ; ; ;12;40,2851757;-3,80632299
216;217;4_324;20240628;4;324;AVENIDA DE GUADALAJARA;I;324;254; ;93;148;U;28;79;7901;790101;10627;Avda;de;Guadalajara;N;110; ; ;28032;20;109;204;T0798699;0790101488;;2;A;1;079-20-571;571; ;559-2;2;3;20110318;20110316; ;448187;4475028;T; ; ; ; ;2;40,42239358;-3,61206461
217;218;4_325;20240628;4;325;LAS ROSAS;I;325;255; ;93;256;U;28;79;7901;790101;45387;Paseo;de;Ginebra;N;35; ; ;28022;20;106;205;T0798496;0790101956;;2;A;1;079-20-572;572; ;559-2;2;3;20110318;20110316; ;448931;4475173;T; ; ; ; ;2;40,42374843;-3,6033056
218;219;4_111;20240628;4;111;MENDEZ ALVARO;I;111;609; ;90;13;U;28;79;7901;790101;11713;Calle;del;Ombu;N;16; ; ;28045;2;83;27;T07911253;0790101720;1;4;A;1;079-02-044;44; ;559-4;2;3;19990405;19930701; ;442559;4472070;N; ; ; ; ;6;40,3953756;-3,67814151
219;220;4_96;20240628;4;96;OPORTO;I;96;523; ;92;16;U;28;79;7901;790101;07986;Gta;del;Valle de Oro;N;13; ; ;28019;11;32;112;T07912607;0790101656;3;4;A;2;079-11-283;283; ;559-3;2;3;19990405;19930701; ;438039;4471339;N; ; ; ; ;5, 6;40,38846476;-3,73132331
220;221;4_106;20240628;4;106;OPORTO;I;96;603; ;92;16;U;28;79;7901;790101;07986;Gta;del;Valle de Oro;N;2; ; ;28019;11;32;112;T07912607;0790101656;3;4;A;2;079-11-283;283; ;559-3;2;3;19990405;19930701; ;438044;4471339;N; ; ; ; ;5, 6;40,38846752;-3,73126411
221;222;4_45;20240628;4;45;PALOS DE LA FRONTERA;I;45;303; ;93;287;U;28;79;7901;790101;09110;Calle;de;Palos de la Frontera;N;33; ; ;28045;2;74;26;T07910691;0790101613;;4;A;1;079-02-030;30; ;559-3;2;3;19990405;19930701; ;441200;4472935;T; ; ; ; ;3;40,40307228;-3,69423268
222;223;4_41;20240628;4;41;CANAL;I;41;214; ;93;163;U;28;79;7901;790101;00886;Calle;de;Bravo Murillo;N;40; ; ;28015;7;26;72;T0796585;0790101300;;6;A;1;079-07-132;132; ;559-1;2;3;19990405;19930701; ;440374;4476864;T; ; ; ; ;2, 7;40,438413;-3,70433457
223;224;4_40;20240628;4;40;QUEVEDO;I;40;213; ;93;309;U;28;79;7901;790101;05041;Gta;de;Quevedo;N;1; ; ;28015;7;55;73;T0797174;0790101298;;6;A;1;079-07-138;138; ;559-1;2;3;19990405;19930701; ;440369;4476288;N; ; ; ; ;2;40,43321732;-3,70433286
224;225;4_222;20240628;4;222;PARQUE DE LOS ESTADOS;I;222;1215; ;93;290;U;28;58;5801;580102;A0506;Calle;de;Venezuela;N;2; ; ;28945;2;4;;T058471;0580102013;;4;B2;3;058-019;694; ;582-1;2;3;20030120;20030101; ;433215;4460099;T; ; ; ; ;12;40,2868358;-3,78697404
225;226;4_223;20240628;4;223;ARROYO CULEBRO;I;223;1217; ;93;142;U;28;65;6503;650301;A0420;Paseo;de;Juan José Rosón;N;1; ; ;28905;3;32;;T0651262;0650301041;;4;B1;3;065-027;731; ;582-1;2;3;20030120;20030101; ;435780;4460288;T; ; ; ; ;12;40,28874177;-3,75682336
226;227;4_225;20240628;4;225;ALONSO DE MENDOZA;I;225;1219; ;93;132;U;28;65;6503;650301;A0354;Calle;del;Greco;N;6; ; ;28904;3;1;;T065978;0650301017;;4;B1;3;065-022;726; ;582-1;2;3;20030120;20030101; ;437507;4461613;T; ; ; ; ;12;40,30081396;-3,73663697
227;228;4_227;20240628;4;227;JUAN DE LA CIERVA;I;227;1221; ;93;241;U;28;65;6503;650301;A0277;Avda;de;España;N;20; ; ;28903;4;21;;T065574;0650301049;;4;B1;3;065-012;716; ;582-1;2;3;20030120;20030101; ;438740;4462823;T; ; ; ; ;12;40,31180237;-3,72224012
228;229;4_229;20240628;4;229;LOS ESPARTALES;I;229;1223; ;93;261;U;28;65;6503;650301;A0634;Avda; ;Rigoberta Menchú;N;3; ; ;28903;2;19;;T065112;0650301047;;4;B1;3;065-003;707; ;582-1;2;3;20030120;20030101; ;439095;4464199;T; ; ; ; ;12;40,32422702;-3,71819786
229;230;4_23;20240628;4;23;ALTO DEL ARENAL;I;23;123; ;93;137;U;28;79;7901;790101;05687;Calle;de;Santillana del Mar;N;21; ; ;28038;13;145;135;T07912438;0790101734;;3;A;2;079-13-346;346; ;559-4;2;3;19990405;19930701; ;445348;4471427;T; ; ; ; ;1;40,38977101;-3,64521655
230;231;4_231;20240628;4;231;EL CARRASCAL;I;231;1225; ;93;204;U;28;74;7402;740201;A0370;Avda; ;Rey Juan Carlos I;N;85; ; ;28916;5;15;;T074574;0740201003;;4;B1;3;074-024;763; ;559-3;2;3;20030120;20030101; ;437239;4465592;T; ; ; ; ;12;40,33663824;-3,74018488
231;232;4_232;20240628;4;232;JULIAN BESTEIRO;I;232;1226; ;93;242;U;28;74;7402;740201;A0370;Avda; ;Rey Juan Carlos I;N;23;A; ;28915;4;15;;T074615;0740201021;;4;B1;3;074-017;756; ;solape;2;3;20030120;20030101; ;436177;4465391;T; ; ; ; ;12;40,33474911;-3,75265895
232;233;4_44;20240628;4;44;DELICIAS;I;44;302; ;92;181;U;28;79;7901;790101;01675;Paseo;de las;Delicias;N;60; ; ;28045;2;61;25;T07911125;0790101622;;4;A;1;079-02-039;39; ;559-3;2;3;19990405;19930701; ;441200;4472583;T; ; ; ; ;3;40,39990478;-3,69419962
233;234;4_233;20240628;4;233;CASA DEL RELOJ;I;233;1227; ;93;168;U;28;74;7402;740201;A0180;Avda; ;Gibraltar;N;11; ; ;28914;2;8;;T0741116;0740201027;;4;B1;3;074-028;767; ;582-1;2;3;20030120;20030101; ;435595;4464492;T; ; ; ; ;12;40,32660272;-3,75942499
234;235;4_236;20240628;4;236;SAN NICASIO;I;236;1230; ;93;338;U;28;74;7402;740201;A0246;Avda; ;Mar Mediterráneo;SN;SN; ; ;28918;3;18;;T074496;0740201022;;4;B1;3;074-008;747; ;559-3;2;3;20030120;20030101; ;434207;4465565;T; ; ; ; ;12;40,33616315;-3,77587363
235;236;4_24;20240628;4;24;MIGUEL HERNANDEZ;I;24;124; ;93;274;U;28;79;7901;790101;11256;Calle;de;León Felipe;N;4;A; ;28038;13;199;134;T07912642;0790101738;;3;A;2;079-13-348;348; ;559-4;2;3;19990405;19930701; ;445831;4471151;T; ; ; ; ;1;40,38731575;-3,6395099
236;237;4_253;20240628;4;253;EL CAPRICHO;I;253;551; ;93;202;U;28;79;7901;790101;10942;Calle;de;Pinos de Osuna;N;15; ; ;28042;21;1;211;T0794584;0790101497;;2;A;2;079-21-582;582; ;559-2;2;3;20061123;20061101; ;449742;4478467;T; ; ; ; ;5;40,45346833;-3,59401166
237;238;4_254;20240628;4;254;SAN FRANCISCO;I;254;1104; ;93;334;U;28;79;7901;790101;04863;Avda;de los;Poblados;N;102; ; ;28054;11;156;116;T07914496;0790101985;;4;A;2;079-11-307;307; ;559-3;2;3;20061213;20061101; ;437365;4469694;T; ; ; ; ;11;40,37359884;-3,73910293
238;239;4_257;20240628;4;257;AVIACION ESPAÑOLA;I;257;1018; ;93;150;U;28;79;7901;790101;02110;Paseo;de;Extremadura;N;463; ; ;28024;10;161;107;T07913223;0790101524;;5;A;2;079-10-240;240; ;559-3;2;3;20061221;20061222; ;433570;4470841;T; ; ; ; ;10;40,38363944;-3,78392295
239;240;4_258;20240628;4;258;PINAR DEL REY;I;258;803; ;93;298;U;28;79;7901;790101;11656;Avda;de la;Gran Vía de Hortaleza;N;47; ; ;28043;16;45;164;T0793052;0790101172;;1;A;2;079-16-449;449; ;559-2;2;3;20070117;20070115; ;445119;4480112;T; ; ; ; ;8;40,46800136;-3,64866836
240;241;4_26;20240628;4;26;VILLA DE VALLECAS;I;26;126; ;93;370;U;28;79;7901;790101;00962;Paseo;de;Federico García Lorca;N;2; ; ;28031;18;14;181;T07913926;0790101781;;3;A;2;079-18-500;500; ;559-4;2;3;19990430;19930701; ;447370;4470283;T; ; ; ; ;1;40,37959861;-3,62129648
241;242;4_260;20240628;4;260;LA ELIPA;I;260;251; ;93;244;U;28;79;7901;790101;03858;Avda;del;Marqués de Corbera;N;58; ; ;28017;15;15;151;T0798184;0790101458;;1;A;2;079-15-426;426; ;559-2;2;3;20070215;20070101; ;444928;4475520;T; ; ; ; ;2;40,42661724;-3,65051891
242;243;4_256;20240628;4;256;LA PESETA;I;256;1106; ;93;250;U;28;79;7901;790101;C0333;Calle;de;Salvador Allende;N;3; ; ;28054;11;155;116;T07915170;0790101983;;4;A;2;079-11-305;305; ;559-3;2;3;20061213;20061101; ;435845;4468666;T; ; ; ; ;11;40,36422401;-3,75690271
243;244;4_130;20240628;4;130;LUCERO;I;130;628; ;93;262;U;28;79;7901;790101;02777;Calle;de las;Higueras;N;47; ; ;28011;10;55;103;T07910384;0790101532;;5;A;2;079-10-262;262; ;559-3;2;3;19990405;19930701; ;436865;4473195;T; ; ; ; ;6;40,40509965;-3,74533696
244;245;4_179;20240628;4;179;VALDEBERNARDO;I;179;919; ;93;361;U;28;79;7901;790101;45424;Bulv;de;Indalecio Prieto;N;26; ; ;28032;19;35;191;T07911145;0790101900;;3;A;2;079-19-522;522; ;559-4;2;3;19990405;19930701; ;447364;4472553;T; ; ; ; ;9;40,40004713;-3,62155916
245;246;4_152;20240628;4;152;LACOMA;I;152;721; ;93;253;U;28;79;7901;790101;11977;Calle;de;Riscos de Polanco;N;3; ; ;28035;8;142;83;T0791283;0790101901;;7;A;2;079-08-172;172; ;559-1;2;3;19990430;19930701; ;438829;4482050;T; ; ; ; ;7;40,48501503;-3,72304554
246;247;4_151;20240628;4;151;AVENIDA DE LA ILUSTRACION;I;151;720; ;93;147;U;28;79;7901;790101;09633;Calle;de las;Islas Cíes;N;23; ; ;28035;8;26;83;T0791548;0790101073;;7;A;2;079-08-175;175; ;559-1;2;3;19990430;19930701; ;439218;4481501;T; ; ; ; ;7;40,48010261;-3,71839825
247;248;4_148;20240628;4;148;VALDEZARZA;I;148;717; ;93;365;U;28;79;7901;790101;08822;Calle;de;San Restituto;N;70; ; ;28039;9;60;94;T0793398;0790101112;;6;A;2;079-09-210;210; ;559-1;2;3;19990429;19930701; ;439410;4479804;T; ; ; ; ;7;40,46482353;-3,71597213
248;249;4_167;20240628;4;167;COLOMBIA;I;156;907; ;93;77;U;28;79;7901;790101;02511;Calle;del;Príncipe de Vergara;N;269; ; ;28016;5;59;54;T0794249;0790101336;;1;A;1;079-05-094;94; ;559-2;2;3;19990405;19930701; ;442713;4478964;T; ; ; ; ;8, 9;40,45748975;-3,67693906
249;250;4_156;20240628;4;156;COLOMBIA;I;156;802; ;93;77;U;28;79;7901;790101;02511;Calle;del;Príncipe de Vergara;N;258; ; ;28016;5;98;54;T0794392;0790101336;;1;A;1;079-05-094;94; ;559-2;2;3;20020730;20020101; ;442722;4478836;T; ; ; ; ;8, 9;40,45633907;-3,67682429
250;251;4_132;20240628;4;132;LAS MUSAS;I;132;701; ;93;255;U;28;79;7901;790101;45474;Avda;de;Niza;N;61; ; ;28022;20;66;205;T0797274;0790101493;;2;A;2;079-20-566;566; ;559-2;2;3;19990405;19930701; ;448550;4476201;N; ; ; ; ;7;40,43298813;-3,60787951
251;252;4_117;20240628;4;117;DIEGO DE LEON;I;63;615; ;92;66;U;28;79;7901;790101;02340;Calle;de;Francisco Silvela;N;47; ; ;28028;4;103;45;T0797186;0790101384;1;1;A;1;079-04-072;72; ;559-2;2;3;19990405;19930701; ;443032;4476237;N; ; ; ; ;4, 5, 6;40,43294768;-3,67293857
252;253;4_82;20240628;4;82;DIEGO DE LEON;I;63;509; ;92;66;U;28;79;7901;790101;03219;Calle;de;Juan Bravo;N;58; ; ;28006;4;102;45;T0797320;0790101387;1;1;A;1;079-04-072;72; ;559-2;2;3;19990405;19930701; ;442919;4476172;N; ; ; ; ;4, 5, 6;40,4323532;-3,67426171
253;254;4_171;20240628;4;171;NUÑEZ DE BALBOA;I;83;911; ;93;283;U;28;79;7901;790101;03880;Plaza;del;Marqués de Salamanca;N;9; ; ;28006;4;111;45;T0797562;0790101A01;;1;A;1;079-04-072;72; ;559-2;2;3;19990405;19930701; ;442484;4475928;N; ; ; ; ;5, 9;40,43012982;-3,67936372
254;255;4_53;20240628;4;53;MONCLOA;I;53;311; ;90;14;U;28;79;7901;790101;03934;Plaza;de la;Moncloa;N;1; ; ;28008;9;10;91;T0796694;0790101308;5;6;A;2;079-09-226;226; ;559-1;2;3;19990405;19930701; ;439089;4476498;T; ; ; ; ;3, 6;40,43502352;-3,71945062
255;256;4_283;20240628;4;283;REYES CATOLICOS;I;283;1060; ;93;315;U;28;134;13405;1340501;00285;Avda;de la;Plaza de Toros;N;7; ; ;28701;1;4;;T134449;1340501001;;1;B1;3;134-012;629; ;534-4;2;3;20070424;20070101; ;447326;4489241;T; ; ; ; ;10;40,55037483;-3,62339941
256;257;4_281;20240628;4;281;MANUEL DE FALLA;I;281;1058; ;93;265;U;28;6;601;60101;A0192;Calle; ;Manuel de Falla;N;59; ; ;28100;1;54;;T00625;0060101034;;1;B1;3;006-003;588; ;534-4;2;3;20070424;20070101; ;445338;4489267;T; ; ; ; ;10;40,55047998;-3,64687945
257;258;4_279;20240628;4;279;LA MORALEJA;I;279;1056; ;93;249;U;28;6;601;60101;A0104;Avda;de la;Ermita;N;5; ; ;28109;1;37;;T006447;0060101039;;1;B1;3;006-013;598; ;534-4;2;3;20070424;20070101; ;446281;4487203;T; ; ; ; ;10;40,53195565;-3,63555952
258;259;4_278;20240628;4;278;LA GRANJA;I;278;1055; ;93;247;U;28;6;601;60101;A0299;Calle;de;Sepúlveda;N;1; ; ;28108;1;60;;T006468;0060101031;;1;B1;3;006-008;593; ;534-4;2;3;20070424;20070101; ;444327;4486734;T; ; ; ; ;10;40,52759962;-3,65859209
259;260;4_284;20240628;4;284;HOSPITAL INFANTA SOFIA;I;284;1061; ;93;233;U;28;134;13405;1340501;10111;Paseo; ;Europa;N;11; ; ;28702;1;33;;T134276;1340501011;;1;B1;3;134-004;621; ;534-4;2;3;20070424;20070101; ;448344;4490276;T; ; ; ; ;10;40,55976945;-3,61145473
260;261;4_119;20240628;4;119;REPUBLICA ARGENTINA;I;119;617; ;93;312;U;28;79;7901;790101;03070;Calle;de;Joaquín Costa;N;24; ; ;28002;5;8;51;T0795857;0790101371;;1;A;1;079-05-096;96; ;559-2;2;3;19990405;19930701; ;442098;4477448;N; ; ; ; ;6;40,44379457;-3,68406187
261;262;4_155;20240628;4;155;NUEVOS MINISTERIOS;I;120;801; ;90;71;U;28;79;7901;790101;01213;Paseo;de la;Castellana;N;65; ; ;28046;6;29;62;T0795322;0790101267;1;6;A;1;079-06-120;120; ;559-1;2;3;20021120;20020101; ;441392;4477760;T; ; ; ; ;6, 8, 10;40,44655267;-3,69240559
262;263;4_81;20240628;4;81;VENTAS;I;28;508; ;93;367;U;28;79;7901;790101;00132;Calle;de;Alcalá;N;204; ; ;28028;4;71;44;T0797177;0790101391;;1;A;1;079-04-073;73; ;559-2;2;3;19990405;19930701; ;443822;4476002;N; ; ; ; ;2, 5;40,4308848;-3,66360584
263;264;4_1;20240628;4;1;PLAZA DE CASTILLA;I;1;101; ;90;21;U;28;79;7901;790101;01213;Paseo;de la;Castellana;N;189; ; ;28046;6;76;64;T0793027;0790101119;1;1;A;1;079-06-109;109; ;559-1;2;3;19990405;19930701; ;441684;4480016;P; ; ; ; ;1, 9, 10;40,46689604;-3,68916959
264;265;4_164;20240628;4;164;PLAZA DE CASTILLA;I;1;904; ;90;21;U;28;79;7901;790101;01213;Paseo;de la;Castellana;N;189; ; ;28046;5;88;56;T0793028;0790101119;1;1;A;1;079-05-085;85; ;559-1;2;3;19990405;19930701; ;441688;4480016;P; ; ; ; ;1, 9, 10;40,46689629;-3,68912665
265;266;4_190;20240628;4;190;PLAZA DE CASTILLA;I;1;1004; ;90;21;U;28;79;7901;790101;01213;Paseo;de la;Castellana;N;216; ; ;28046;5;88;56;T0793028;0790101119;1;1;A;1;079-05-085;85; ;559-1;2;3;19990405;19980101; ;441692;4480016;P; ; ; ; ;1, 9, 10;40,46689654;-3,6890861
266;267;4_271;20240628;4;271;VILLAVERDE BAJO CRUCE;I;271;355; ;91;38;U;28;79;7901;790101;00345;Avda;de;Andalucía;N;38; ; ;28021;17;66;174;T07915790;0790101839;3;4;A;2;079-17-481;481; ;559-3;2;3;20070420;20070101; ;441289;4467142;T; ; ; ; ;3;40,35089476;-3,69264894
267;268;4_182;20240628;4;182;PUERTA DE ARGANDA;I;182;922; ;91;39;U;28;79;7901;790101;08410;Calle;de;San Cipriano;N;85; ; ;28032;19;47;191;T07910783;0790101895;4;3;A;2;079-19-531;531; ;559-4;2;3;19990405;19930701; ;449536;4472679;T; ; ; ; ;9;40,40131578;-3,5959753
268;269;4_189;20240628;4;189;CHAMARTIN;I;261;1003; ;90;25;U;28;79;7901;790101;00073;Calle;de;Agustín de Foxá;N;40; ; ;28036;5;94;56;T0791996;0790101150;1;1;A;1;079-05-086;86; ;559-2;2;3;19990405;19980101; ;442247;4480589;T; ; ; ; ;1, 10;40,47210313;-3,68259088
269;270;4_188;20240628;4;188;BEGOÑA;I;188;1002; ;92;28;U;28;79;7901;790101;01213;Paseo;de la;Castellana;N;261; ; ;28046;8;103;85;T0791468;0790101090;1;7;A;2;079-08-195;195; ;559-2;2;3;19990405;19980101; ;441978;4481514;N; ; ; ; ;10;40,48041293;-3,6858497
270;271;4_158;20240628;4;158;FERIA DE MADRID;I;158;805; ;92;162;U;28;79;7901;790101;11886;Avda;del;Partenón;N;5; ; ;28042;21;29;215;T0792560;0790101902;;2;A;2;079-21-578;578; ;559-2;2;3;19990405;19980101; ;447868;4479637;T; ; ; ; ;8;40,46389315;-3,61620468
271;272;4_261;20240628;4;261;CHAMARTIN;I;261;151; ;90;25;U;28;79;7901;790101;00073;Calle;de;Agustín de Foxá;N;40; ; ;28036;5;94;56;T0791996;0790101150;1;1;A;1;079-05-086;86; ;559-2;2;3;20070328;20070101; ;442247;4480581;T; ; ; ; ;1, 10;40,47202685;-3,68259011
272;273;4_180;20240628;4;180;VICALVARO;I;180;920; ;93;26;U;28;79;7901;790101;08410;Calle;de;San Cipriano;N;11; ; ;28032;19;3;191;T07910681;0790101889;4;3;A;2;079-19-526;526; ;559-4;2;3;19990405;19930701; ;448445;4473009;T; ; ; ; ;9;40,40421592;-3,60885883
273;274;4_28;20240628;4;28;VENTAS;I;28;201; ;93;367;U;28;79;7901;790101;00132;Calle;de;Alcalá;N;204; ; ;28028;4;71;44;T0797177;0790101391;;1;A;1;079-04-073;73; ;559-2;2;3;19990405;19930701; ;443817;4476002;N; ; ; ; ;2, 5;40,4308845;-3,66365887
274;275;4_221;20240628;4;221;FUENLABRADA CENTRAL;I;221;1214; ;92;91;U;28;58;5801;580102;10266;Calle;de la;Vía;SN;SN; ; ;28944;4;1;;T058531;0580102008;7;4;B2;3;058-024;699; ;582-1;2;3;20030120;20030101; ;432197;4459646;T; ; ; ; ;12;40,28267578;-3,7989069
275;276;4_99;20240628;4;99;EUGENIA DE MONTIJO;S;99;526; ;93;213;U;28;79;7901;790101;99999;Calle;de;Ocaña;N;86; ; ;28047;11;1;111;T07911026;0790101A01;;4;A;2;079-11-298;298; ; ;2;3;20020304;19980101; ;436347;4470900;T; ; ; ; ;5;40,3843858;-3,75121118
276;277;4_323;20240628;4;323;ALSACIA;I;323;253; ;91;99;U;28;79;7901;790101;99999;Plaza;de;Alsacia;N;S/N; ; ;28037;20;43;204;T0798903;0790101486;4;1;A;1;079-20-567;567; ;559-2;2;3;20110318;20110316; ;447213;4474579;T; ; ; ; ;2;40,4182927;-3,623506
277;278;4_326;20240628;4;326;MIRASIERRA;I;326;951; ;93;275;U;28;79;7901;790101;11964;Avda;del;Ventisquero de la Condesa;N;28; ; ;28035;8;155;87;T079962; ;;7;A;1;079-08-159;159; ;559-1;2;3;20110329;20110328; ;439402;4482720;T; ; ; ; ;9;40,49109779;-3,71634448
278;279;4_305;20240628;4;305;LA FORTUNA;I;305;1107; ;93;245;U;28;74;7401;740101;A0445;Calle; ;San José;N;40; ; ;28917;6;3;;T07421;0740101001;;4;B1;3;074-001;740; ;559-3;1;3;20101013;20101005; ;434062;4467986;T; ; ; ; ;11;40,35795313;-3,77782585
279;280;4_322;20240628;4;322;LA ALMUDENA;I;322;252; ;93;243;U;28;79;7901;790101;00587;Calle;de;Arriaga;N;75; ; ;28017;15;65;152;T0798475;0790101449;;1;A;1;079-15-424;424; ;559-2;2;3;20110318;20110316; ;445891;4475180;T; ; ; ; ;2;40,42361329;-3,63914233
280;281;4_174;20240628;4;174;SAINZ DE BARANDA;I;114;914; ;93;324;U;28;79;7901;790101;01736;Calle;del;Doctor Esquerdo;N;103; ; ;28007;3;81;36;T0799211;0790101681;;3;A;1;079-03-056;56; ;559-4;2;3;19990405;19930701; ;443307;4474246;T; ; ; ; ;6, 9;40,4150285;-3,66951374
281;282;4_114;20240628;4;114;SAINZ DE BARANDA;I;114;612; ;93;324;U;28;79;7901;790101;01736;Calle;del;Doctor Esquerdo;N;103; ; ;28007;3;81;36;T0799211;0790101681;;3;A;1;079-03-056;56; ;559-4;2;3;19990405;19930701; ;443307;4474250;T; ; ; ; ;6, 9;40,41506854;-3,66951414
282;283;4_93;20240628;4;93;PIRAMIDES;I;93;520; ;92;85;U;28;79;7901;790101;11748;Paseo;del;Doctor Vallejo Nágera;N;37; ; ;28005;2;87;22;T07910733;0790101569;1;4;A;1;079-02-027;27; ;559-3;2;3;19990405;19930701; ;439744;4472894;T; ; ; ; ;5;40,40259817;-3,71137712
283;284;4_154;20240628;4;154;PITIS;I;154;723; ;93;86;U;28;79;7901;790199;45576;Ctra;a la;Estación de Pitis;N;19; ; ;28035;8;139;87;T079764;0790199999;2;7;A;2;079-08-158;158; ;559-1;2;3;19990430;19930701; ;438597;4483172;T; ; ; ; ;7;40,49510584;-3,72589123
284;285;4_235;20240628;4;235;LEGANES CENTRAL;I;235;1229; ;92;88;U;28;74;7402;740201;A0521;Calle; ;Virgen del Camino;N;1; ; ;28913;1;20;;T0741000;0740201013;7;4;B1;3;074-012;751; ;582-1;2;3;20030120;20030101; ;434568;4464765;T; ; ; ; ;12;40,32898523;-3,771537
285;286;4_211;20240628;4;211;ALCORCON CENTRAL;I;211;1203; ;92;89;U;28;7;701;70101;A0045;Avda;de;Móstoles;N;12; ; ;28922;1;2;;T007295;0070101028;7;5;B1;3;007-014;657; ;559-3;2;3;20030120;20030101; ;429472;4467153;T; ; ; ; ;12;40,35008434;-3,83177862
286;287;4_214;20240628;4;214;MOSTOLES CENTRAL;I;214;1206; ;92;90;U;28;92;9201;920101;A0126;Paseo;de la;Estación;N;13; ; ;28933;2;11;;T092228;0920101027;7;5;B2;3;092-009;787; ;581-2;2;3;20030120;20030101; ;426752;4464784;T; ; ; ; ;12;40,32850022;-3,86354218
287;288;4_228;20240628;4;228;EL CASAR;I;228;1222; ;92;93;U;28;65;6503;650301;A0161;Avda;del;Casar;N;2; ; ;28903;2;20;;T065211;0650301045;7;4;B1;3;065-005;709; ;582-1;2;3;20030120;20030101; ;439799;4463572;T; ; ; ; ;12;40,31862316;-3,70985404
288;289;4_103;20240628;4;103;CASA DE CAMPO;I;103;530; ;91;42;U;28;79;7901;790101;40759;Ctra;del;Zoo;N;1; ; ;28011;9;2;91;T07910057;0790101531;3;6;A;2;079-09-224;224; ;559-3;2;3;20021120;20020901; ;435533;4473000;T; ; ; ; ;5, 10;40,40324227;-3,76101367
289;290;4_201;20240628;4;201;CASA DE CAMPO;I;103;1015; ;91;42;U;28;79;7901;790101;99999;Paseo;de la;Venta;N;SN; ; ;28011;9;2;91;T07910057;0790101531;3;6;A;2;079-09-224;224; ;559-3;2;3;19990405;20021022; ;435533;4472996;T; ; ; ; ;5, 10;40,40320795;-3,76101328
